period_high, period_low, ratio, date
1990, 740258, 2.533547, 2021-06-21T23:38:11.524Z
1872, 740066, 2.692549, 2021-06-21T23:38:26.541Z
1876, 742308, 2.694947, 2021-06-21T23:38:41.542Z
1876, 739362, 2.684252, 2021-06-21T23:38:56.514Z
1914, 740914, 2.636482, 2021-06-21T23:39:11.508Z
1916, 740890, 2.633645, 2021-06-21T23:39:26.508Z
1916, 739432, 2.628462, 2021-06-21T23:39:41.516Z
1874, 740786, 2.692292, 2021-06-21T23:39:56.526Z
1980, 743000, 2.555774, 2021-06-21T23:40:11.559Z
1980, 741546, 2.550773, 2021-06-21T23:40:26.560Z
1854, 739330, 2.715986, 2021-06-21T23:40:41.513Z
1856, 739682, 2.714351, 2021-06-21T23:40:56.513Z
1980, 740368, 2.546721, 2021-06-21T23:41:11.516Z
1860, 740770, 2.712497, 2021-06-21T23:41:26.515Z
1870, 742254, 2.703397, 2021-06-21T23:41:41.516Z
1868, 739762, 2.697206, 2021-06-21T23:41:56.517Z
1872, 740186, 2.692985, 2021-06-21T23:42:11.547Z
1874, 738688, 2.684667, 2021-06-21T23:42:26.530Z
1844, 739184, 2.730175, 2021-06-21T23:42:41.521Z
1874, 739456, 2.687458, 2021-06-21T23:42:56.520Z
1876, 740680, 2.689037, 2021-06-21T23:43:11.524Z
1916, 742248, 2.638472, 2021-06-21T23:43:26.522Z
1916, 739138, 2.627417, 2021-06-21T23:43:41.523Z
1854, 740528, 2.720387, 2021-06-21T23:43:56.524Z
1869, 743234, 2.708415, 2021-06-21T23:44:11.525Z
1850, 740270, 2.725319, 2021-06-21T23:44:26.529Z
2234, 739562, 2.254708, 2021-06-21T23:44:41.605Z
1962, 740434, 2.570314, 2021-06-21T23:44:56.621Z
1868, 741558, 2.703754, 2021-06-21T23:45:11.624Z
1876, 741500, 2.692014, 2021-06-21T23:45:26.627Z
1870, 738744, 2.690613, 2021-06-21T23:45:41.645Z
1846, 738862, 2.726030, 2021-06-21T23:45:56.552Z
1998, 738780, 2.518364, 2021-06-21T23:46:11.549Z
1848, 739030, 2.723698, 2021-06-21T23:46:26.592Z
1872, 739524, 2.690577, 2021-06-21T23:46:41.616Z
1876, 738886, 2.682523, 2021-06-21T23:46:56.629Z
1872, 738502, 2.686858, 2021-06-21T23:47:11.598Z
1916, 740580, 2.632542, 2021-06-21T23:47:26.609Z
1922, 744148, 2.636968, 2021-06-21T23:47:41.621Z
1864, 743014, 2.714876, 2021-06-21T23:47:56.594Z
1882, 741350, 2.682889, 2021-06-21T23:48:11.631Z
1866, 741628, 2.706908, 2021-06-21T23:48:26.646Z
1866, 744166, 2.716171, 2021-06-21T23:48:41.669Z
1920, 741576, 2.630591, 2021-06-21T23:48:56.604Z
1932, 741148, 2.612743, 2021-06-21T23:49:11.618Z
1998, 742986, 2.532702, 2021-06-21T23:49:26.635Z
1872, 743982, 2.706796, 2021-06-21T23:49:41.668Z
1839, 741244, 2.745228, 2021-06-21T23:49:56.554Z
1850, 741244, 2.728905, 2021-06-21T23:50:11.545Z
1922, 741298, 2.626869, 2021-06-21T23:50:26.546Z
1992, 742924, 2.540118, 2021-06-21T23:50:41.547Z
1884, 741210, 2.679534, 2021-06-21T23:50:56.569Z
1998, 741368, 2.527186, 2021-06-21T23:51:11.549Z
1928, 743206, 2.625434, 2021-06-21T23:51:26.549Z
1928, 744098, 2.628585, 2021-06-21T23:51:41.551Z
1884, 743686, 2.688485, 2021-06-21T23:51:56.551Z
1884, 741080, 2.679064, 2021-06-21T23:52:11.553Z
1986, 740916, 2.540906, 2021-06-21T23:52:26.554Z
1986, 742340, 2.545790, 2021-06-21T23:52:41.554Z
1886, 743604, 2.685338, 2021-06-21T23:52:56.555Z
1990, 741670, 2.538379, 2021-06-21T23:53:11.556Z
1885, 741828, 2.680346, 2021-06-21T23:53:26.557Z
1886, 741276, 2.676931, 2021-06-21T23:53:41.558Z
1924, 741326, 2.624237, 2021-06-21T23:53:56.558Z
1866, 741952, 2.708090, 2021-06-21T23:54:11.559Z
1890, 741538, 2.672210, 2021-06-21T23:54:26.561Z
1845, 743734, 2.745492, 2021-06-21T23:54:41.561Z
1900, 743580, 2.665465, 2021-06-21T23:54:56.562Z
1994, 743834, 2.540679, 2021-06-21T23:55:11.563Z
1928, 742018, 2.621237, 2021-06-21T23:55:26.563Z
1930, 744298, 2.626567, 2021-06-21T23:55:41.565Z
1972, 742064, 2.562910, 2021-06-21T23:55:56.860Z
1928, 741216, 2.618404, 2021-06-21T23:56:11.566Z
1874, 741730, 2.695722, 2021-06-21T23:56:26.573Z
1888, 742574, 2.678777, 2021-06-21T23:56:41.568Z
1876, 742444, 2.695441, 2021-06-21T23:56:56.569Z
1888, 741626, 2.675358, 2021-06-21T23:57:11.570Z
1880, 741124, 2.684924, 2021-06-21T23:57:26.571Z
1887, 743936, 2.685113, 2021-06-21T23:57:41.571Z
1992, 742578, 2.538935, 2021-06-21T23:57:56.576Z
1890, 741148, 2.670805, 2021-06-21T23:58:11.573Z
2267, 741472, 2.227625, 2021-06-21T23:58:26.574Z
1888, 743914, 2.683612, 2021-06-21T23:58:41.575Z
1874, 742348, 2.697968, 2021-06-21T23:58:56.576Z
1864, 741326, 2.708709, 2021-06-21T23:59:11.577Z
1930, 743984, 2.625459, 2021-06-21T23:59:26.577Z
1930, 744380, 2.626856, 2021-06-21T23:59:41.580Z
1890, 744348, 2.682336, 2021-06-21T23:59:56.583Z
1890, 741394, 2.671691, 2021-06-22T00:00:11.580Z
1860, 741442, 2.714958, 2021-06-22T00:00:26.581Z
1998, 741086, 2.526225, 2021-06-22T00:00:41.586Z
1866, 741096, 2.704966, 2021-06-22T00:00:56.583Z
1888, 744084, 2.684225, 2021-06-22T00:01:11.584Z
1887, 744930, 2.688701, 2021-06-22T00:01:26.628Z
1878, 741616, 2.689567, 2021-06-22T00:01:41.586Z
1866, 744744, 2.718281, 2021-06-22T00:01:56.589Z
1882, 742780, 2.688063, 2021-06-22T00:02:11.587Z
1835, 741108, 2.750707, 2021-06-22T00:02:26.588Z
1886, 744598, 2.688927, 2021-06-22T00:02:41.609Z
1926, 741942, 2.623690, 2021-06-22T00:02:56.595Z
1892, 741634, 2.669731, 2021-06-22T00:03:11.591Z
1930, 744384, 2.626870, 2021-06-22T00:03:26.599Z
1882, 742346, 2.686493, 2021-06-22T00:03:41.595Z
1928, 742050, 2.621350, 2021-06-22T00:03:56.605Z
1974, 744218, 2.567745, 2021-06-22T00:04:11.623Z
1861, 744824, 2.725877, 2021-06-22T00:04:26.664Z
1885, 741972, 2.680866, 2021-06-22T00:04:41.697Z
1980, 745196, 2.563328, 2021-06-22T00:04:56.725Z
1859, 743760, 2.724911, 2021-06-22T00:05:11.598Z
1930, 743980, 2.625445, 2021-06-22T00:05:26.600Z
1890, 746202, 2.689017, 2021-06-22T00:05:41.601Z
1880, 745128, 2.699429, 2021-06-22T00:05:56.600Z
1886, 744486, 2.688523, 2021-06-22T00:06:11.601Z
1888, 742124, 2.677154, 2021-06-22T00:06:26.602Z
1878, 742066, 2.691199, 2021-06-22T00:06:41.614Z
1894, 745164, 2.679605, 2021-06-22T00:06:56.606Z
1990, 743296, 2.543945, 2021-06-22T00:07:11.605Z
1932, 742748, 2.618384, 2021-06-22T00:07:26.605Z
1930, 743662, 2.624322, 2021-06-22T00:07:41.607Z
1853, 742642, 2.729625, 2021-06-22T00:07:56.608Z
1926, 742114, 2.624299, 2021-06-22T00:08:11.626Z
1883, 742876, 2.686983, 2021-06-22T00:08:26.609Z
1872, 744354, 2.708149, 2021-06-22T00:08:41.632Z
1886, 743664, 2.685555, 2021-06-22T00:08:56.628Z
1876, 742870, 2.696987, 2021-06-22T00:09:11.671Z
1872, 742416, 2.701098, 2021-06-22T00:09:26.612Z
1882, 744278, 2.693484, 2021-06-22T00:09:41.628Z
1888, 745388, 2.688929, 2021-06-22T00:09:56.615Z
1886, 742654, 2.681907, 2021-06-22T00:10:11.615Z
1872, 743628, 2.705508, 2021-06-22T00:10:26.621Z
1870, 746212, 2.717813, 2021-06-22T00:10:41.617Z
1965, 744758, 2.581378, 2021-06-22T00:10:56.625Z
1998, 743900, 2.535818, 2021-06-22T00:11:11.619Z
1924, 743478, 2.631855, 2021-06-22T00:11:26.619Z
1926, 745266, 2.635445, 2021-06-22T00:11:41.622Z
1884, 744746, 2.692317, 2021-06-22T00:11:56.623Z
1884, 746254, 2.697768, 2021-06-22T00:12:11.622Z
1858, 745034, 2.731048, 2021-06-22T00:12:26.624Z
1868, 742136, 2.705861, 2021-06-22T00:12:41.624Z
1926, 745986, 2.637991, 2021-06-22T00:12:56.626Z
1996, 745354, 2.543320, 2021-06-22T00:13:11.626Z
1872, 743910, 2.706534, 2021-06-22T00:13:26.627Z
1868, 742702, 2.707925, 2021-06-22T00:13:41.664Z
1986, 743188, 2.548698, 2021-06-22T00:13:56.630Z
1882, 746346, 2.700968, 2021-06-22T00:14:11.629Z
1856, 743938, 2.729969, 2021-06-22T00:14:26.633Z
1884, 743318, 2.687155, 2021-06-22T00:14:41.662Z
1884, 744474, 2.691334, 2021-06-22T00:14:56.691Z
1884, 745482, 2.694978, 2021-06-22T00:15:11.780Z
1876, 746054, 2.708547, 2021-06-22T00:15:26.732Z
1958, 742610, 2.583135, 2021-06-22T00:15:41.739Z
1884, 743370, 2.687343, 2021-06-22T00:15:56.742Z
1924, 746206, 2.641512, 2021-06-22T00:16:11.655Z
1886, 742900, 2.682796, 2021-06-22T00:16:26.637Z
1884, 744176, 2.690257, 2021-06-22T00:16:41.639Z
1884, 744186, 2.690293, 2021-06-22T00:16:56.653Z
1886, 747286, 2.698635, 2021-06-22T00:17:11.639Z
1884, 745508, 2.695072, 2021-06-22T00:17:26.640Z
1852, 742658, 2.731158, 2021-06-22T00:17:41.642Z
1990, 744476, 2.547983, 2021-06-22T00:17:56.646Z
1884, 745408, 2.694710, 2021-06-22T00:18:11.658Z
1860, 745140, 2.728499, 2021-06-22T00:18:26.666Z
1870, 744050, 2.709939, 2021-06-22T00:18:41.682Z
1970, 742264, 2.566203, 2021-06-22T00:18:56.645Z
1880, 743752, 2.694444, 2021-06-22T00:19:11.646Z
1942, 744004, 2.609306, 2021-06-22T00:19:26.647Z
1926, 743730, 2.630013, 2021-06-22T00:19:41.648Z
1886, 743330, 2.684348, 2021-06-22T00:19:56.659Z
1996, 744472, 2.540310, 2021-06-22T00:20:11.650Z
1870, 745122, 2.713843, 2021-06-22T00:20:26.651Z
1872, 742670, 2.702022, 2021-06-22T00:20:41.652Z
1880, 743232, 2.692560, 2021-06-22T00:20:56.703Z
1908, 746522, 2.664791, 2021-06-22T00:21:11.729Z
1827, 746268, 2.781988, 2021-06-22T00:21:26.778Z
1920, 743518, 2.637480, 2021-06-22T00:21:41.655Z
1919, 742008, 2.633495, 2021-06-22T00:21:56.657Z
1864, 743734, 2.717507, 2021-06-22T00:22:11.657Z
1874, 746074, 2.711510, 2021-06-22T00:22:26.664Z
1920, 746314, 2.647398, 2021-06-22T00:22:41.659Z
1872, 742688, 2.702088, 2021-06-22T00:22:56.662Z
1968, 743944, 2.574626, 2021-06-22T00:23:11.660Z
1922, 744740, 2.639066, 2021-06-22T00:23:26.662Z
1942, 744976, 2.612715, 2021-06-22T00:23:41.662Z
1882, 745456, 2.697747, 2021-06-22T00:23:56.663Z
1882, 743008, 2.688889, 2021-06-22T00:24:11.750Z
1864, 742176, 2.711814, 2021-06-22T00:24:26.748Z
1866, 743016, 2.711973, 2021-06-22T00:24:41.758Z
1990, 744272, 2.547285, 2021-06-22T00:24:56.712Z
1880, 742976, 2.691633, 2021-06-22T00:25:11.715Z
1924, 742774, 2.629363, 2021-06-22T00:25:26.747Z
1884, 742264, 2.683344, 2021-06-22T00:25:41.749Z
1870, 743034, 2.706238, 2021-06-22T00:25:56.751Z
1884, 744358, 2.690914, 2021-06-22T00:26:11.770Z
1858, 746048, 2.734765, 2021-06-22T00:26:26.719Z
1884, 745506, 2.695065, 2021-06-22T00:26:41.674Z
1884, 745726, 2.695860, 2021-06-22T00:26:56.677Z
1888, 745148, 2.688063, 2021-06-22T00:27:11.675Z
1926, 744176, 2.631590, 2021-06-22T00:27:26.675Z
1926, 743306, 2.628514, 2021-06-22T00:27:41.677Z
1872, 743016, 2.703281, 2021-06-22T00:27:56.677Z
1890, 743404, 2.678934, 2021-06-22T00:28:11.682Z
1876, 742504, 2.695659, 2021-06-22T00:28:26.680Z
1922, 743142, 2.633403, 2021-06-22T00:28:41.687Z
1949, 743402, 2.597830, 2021-06-22T00:28:56.718Z
1902, 743270, 2.661552, 2021-06-22T00:29:11.681Z
1866, 746034, 2.722989, 2021-06-22T00:29:26.682Z
1888, 744376, 2.685278, 2021-06-22T00:29:41.687Z
1924, 744404, 2.635133, 2021-06-22T00:29:56.687Z
1886, 745930, 2.693738, 2021-06-22T00:30:11.685Z
1972, 745198, 2.573734, 2021-06-22T00:30:26.709Z
1886, 746240, 2.694857, 2021-06-22T00:30:41.772Z
1884, 745498, 2.695036, 2021-06-22T00:30:56.740Z
1974, 746022, 2.573970, 2021-06-22T00:31:11.778Z
1928, 745710, 2.634279, 2021-06-22T00:31:26.817Z
1930, 742784, 2.621224, 2021-06-22T00:31:41.691Z
1990, 742972, 2.542835, 2021-06-22T00:31:56.693Z
1880, 743090, 2.692046, 2021-06-22T00:32:11.692Z
1882, 744550, 2.694469, 2021-06-22T00:32:26.752Z
1866, 743086, 2.712229, 2021-06-22T00:32:41.693Z
1938, 746714, 2.624215, 2021-06-22T00:32:56.694Z
1874, 746646, 2.713589, 2021-06-22T00:33:11.695Z
1888, 744356, 2.685206, 2021-06-22T00:33:26.696Z
1892, 745126, 2.682301, 2021-06-22T00:33:41.697Z
1890, 745892, 2.687900, 2021-06-22T00:33:56.698Z
1880, 745088, 2.699284, 2021-06-22T00:34:11.700Z
1928, 744710, 2.630747, 2021-06-22T00:34:26.719Z
1888, 742842, 2.679744, 2021-06-22T00:34:41.858Z
1890, 744652, 2.683431, 2021-06-22T00:34:56.701Z
1890, 746272, 2.689269, 2021-06-22T00:35:11.702Z
1952, 746222, 2.603678, 2021-06-22T00:35:26.706Z
1982, 746324, 2.564618, 2021-06-22T00:35:41.709Z
1876, 745892, 2.707959, 2021-06-22T00:35:56.705Z
1884, 745714, 2.695816, 2021-06-22T00:36:11.707Z
1892, 746206, 2.686189, 2021-06-22T00:36:26.706Z
1892, 743232, 2.675483, 2021-06-22T00:36:41.710Z
1886, 743542, 2.685114, 2021-06-22T00:36:56.709Z
1886, 744602, 2.688942, 2021-06-22T00:37:12.276Z
1990, 746910, 2.556313, 2021-06-22T00:37:26.710Z
1990, 743298, 2.543951, 2021-06-22T00:37:41.714Z
1914, 744940, 2.650808, 2021-06-22T00:37:56.712Z
1894, 746040, 2.682755, 2021-06-22T00:38:11.713Z
1894, 743042, 2.671975, 2021-06-22T00:38:26.714Z
1990, 743650, 2.545156, 2021-06-22T00:38:41.714Z
1890, 746168, 2.688894, 2021-06-22T00:38:56.719Z
1894, 743136, 2.672312, 2021-06-22T00:39:11.729Z
1934, 744616, 2.622254, 2021-06-22T00:39:26.760Z
1958, 744682, 2.590342, 2021-06-22T00:39:41.750Z
1894, 744120, 2.675851, 2021-06-22T00:39:56.764Z
1892, 746694, 2.687945, 2021-06-22T00:40:11.800Z
1945, 742790, 2.601030, 2021-06-22T00:40:26.797Z
1879, 739846, 2.681720, 2021-06-22T00:40:41.839Z
1858, 740406, 2.714083, 2021-06-22T00:40:56.844Z
1980, 745064, 2.562874, 2021-06-22T00:41:11.723Z
1990, 744624, 2.548490, 2021-06-22T00:41:26.729Z
1882, 742240, 2.686109, 2021-06-22T00:41:41.725Z
1890, 740786, 2.669500, 2021-06-22T00:41:56.745Z
1870, 741784, 2.701685, 2021-06-22T00:42:11.727Z
1890, 740358, 2.667958, 2021-06-22T00:42:26.727Z
1926, 740854, 2.619843, 2021-06-22T00:42:41.728Z
1882, 742212, 2.686008, 2021-06-22T00:42:56.729Z
1886, 743188, 2.683836, 2021-06-22T00:43:11.730Z
1934, 742430, 2.614556, 2021-06-22T00:43:26.730Z
1934, 741968, 2.612929, 2021-06-22T00:43:41.733Z
1894, 741616, 2.666847, 2021-06-22T00:43:56.862Z
1892, 743548, 2.676620, 2021-06-22T00:44:11.733Z
1892, 741508, 2.669277, 2021-06-22T00:44:26.736Z
1888, 742166, 2.677306, 2021-06-22T00:44:41.735Z
1980, 740702, 2.547870, 2021-06-22T00:44:56.737Z
1882, 741172, 2.682244, 2021-06-22T00:45:11.737Z
1894, 741650, 2.666969, 2021-06-22T00:45:26.738Z
1990, 740892, 2.535717, 2021-06-22T00:45:41.865Z
1888, 740662, 2.671880, 2021-06-22T00:45:56.860Z
1892, 743210, 2.675404, 2021-06-22T00:46:11.878Z
1892, 740590, 2.665972, 2021-06-22T00:46:26.741Z
1894, 742590, 2.670349, 2021-06-22T00:46:41.742Z
1894, 744014, 2.675470, 2021-06-22T00:46:56.743Z
1863, 743684, 2.718783, 2021-06-22T00:47:11.745Z
1666, 741962, 3.033232, 2021-06-22T00:47:26.744Z
1936, 741040, 2.606965, 2021-06-22T00:47:42.232Z
1878, 741490, 2.689111, 2021-06-22T00:47:56.747Z
1876, 740698, 2.689102, 2021-06-22T00:48:11.747Z
1898, 744308, 2.670886, 2021-06-22T00:48:26.752Z
1894, 743666, 2.674218, 2021-06-22T00:48:41.749Z
1896, 741486, 2.663566, 2021-06-22T00:48:56.750Z
1890, 741088, 2.670588, 2021-06-22T00:49:11.751Z
1973, 743258, 2.565733, 2021-06-22T00:49:26.753Z
1898, 743476, 2.667901, 2021-06-22T00:49:41.764Z
1934, 742510, 2.614838, 2021-06-22T00:49:56.757Z
1990, 743710, 2.545361, 2021-06-22T00:50:11.772Z
1940, 741018, 2.601513, 2021-06-22T00:50:26.788Z
1900, 741328, 2.657393, 2021-06-22T00:50:41.809Z
1900, 741576, 2.658282, 2021-06-22T00:50:56.766Z
1900, 741190, 2.656898, 2021-06-22T00:51:11.786Z
1944, 741508, 2.597877, 2021-06-22T00:51:26.777Z
1948, 745320, 2.605870, 2021-06-22T00:51:41.793Z
1906, 744430, 2.660112, 2021-06-22T00:51:56.789Z
1906, 743760, 2.657718, 2021-06-22T00:52:11.761Z
1904, 742690, 2.656682, 2021-06-22T00:52:26.764Z
1992, 745144, 2.547709, 2021-06-22T00:52:41.765Z
1910, 744162, 2.653585, 2021-06-22T00:52:56.764Z
2028, 744514, 2.500367, 2021-06-22T00:53:11.773Z
1902, 743632, 2.662848, 2021-06-22T00:53:26.768Z
1908, 743578, 2.654282, 2021-06-22T00:53:41.767Z
1898, 743568, 2.668231, 2021-06-22T00:53:56.768Z
1906, 742952, 2.654830, 2021-06-22T00:54:11.768Z
1994, 746116, 2.548473, 2021-06-22T00:54:26.769Z
1908, 743470, 2.653897, 2021-06-22T00:54:41.779Z
1908, 744648, 2.658102, 2021-06-22T00:54:56.771Z
1900, 746466, 2.675810, 2021-06-22T00:55:11.772Z
1948, 747528, 2.613590, 2021-06-22T00:55:26.772Z
1950, 746854, 2.608555, 2021-06-22T00:55:41.774Z
1940, 744206, 2.612705, 2021-06-22T00:55:56.774Z
1925, 744836, 2.635293, 2021-06-22T00:56:11.775Z
1908, 742968, 2.652105, 2021-06-22T00:56:26.776Z
1908, 744002, 2.655796, 2021-06-22T00:56:41.777Z
1977, 745738, 2.569085, 2021-06-22T00:56:56.778Z
1910, 747318, 2.664839, 2021-06-22T00:57:11.802Z
1908, 747104, 2.666868, 2021-06-22T00:57:26.779Z
1958, 746432, 2.596429, 2021-06-22T00:57:41.781Z
1994, 745400, 2.546028, 2021-06-22T00:57:56.853Z
1946, 746524, 2.612762, 2021-06-22T00:58:11.860Z
1910, 744282, 2.654013, 2021-06-22T00:58:26.862Z
1912, 743190, 2.647347, 2021-06-22T00:58:41.890Z
1934, 746852, 2.630129, 2021-06-22T00:58:56.899Z
1910, 744488, 2.654748, 2021-06-22T00:59:11.906Z
1954, 744258, 2.594167, 2021-06-22T00:59:26.786Z
1954, 746744, 2.602832, 2021-06-22T00:59:41.788Z
1907, 745042, 2.660903, 2021-06-22T00:59:56.789Z
1996, 743212, 2.536011, 2021-06-22T01:00:11.798Z
1912, 743642, 2.648957, 2021-06-22T01:00:26.822Z
1912, 744602, 2.652377, 2021-06-22T01:00:41.837Z
1918, 745404, 2.646927, 2021-06-22T01:00:56.896Z
1912, 746790, 2.660171, 2021-06-22T01:01:11.792Z
1998, 744500, 2.537863, 2021-06-22T01:01:26.793Z
1912, 743076, 2.646941, 2021-06-22T01:01:41.795Z
1910, 745790, 2.659390, 2021-06-22T01:01:56.796Z
1912, 743866, 2.649755, 2021-06-22T01:02:11.796Z
1914, 745164, 2.651605, 2021-06-22T01:02:26.800Z
1912, 746282, 2.658361, 2021-06-22T01:02:41.802Z
1914, 747384, 2.659505, 2021-06-22T01:02:56.801Z
1914, 747074, 2.658401, 2021-06-22T01:03:11.803Z
1954, 745912, 2.599932, 2021-06-22T01:03:26.815Z
1958, 745794, 2.594210, 2021-06-22T01:03:41.801Z
1916, 746154, 2.652357, 2021-06-22T01:03:56.802Z
2002, 746122, 2.538310, 2021-06-22T01:04:11.803Z
1916, 744328, 2.645866, 2021-06-22T01:04:26.826Z
1916, 744542, 2.646626, 2021-06-22T01:04:41.805Z
2002, 745840, 2.537351, 2021-06-22T01:04:56.805Z
1981, 747434, 2.569729, 2021-06-22T01:05:12.014Z
1918, 743840, 2.641373, 2021-06-22T01:05:26.809Z
1942, 743994, 2.609271, 2021-06-22T01:05:41.826Z
1956, 744162, 2.591180, 2021-06-22T01:05:56.841Z
1954, 744572, 2.595261, 2021-06-22T01:06:11.858Z
1914, 745736, 2.653641, 2021-06-22T01:06:26.886Z
1914, 747756, 2.660828, 2021-06-22T01:06:41.936Z
1914, 746650, 2.656893, 2021-06-22T01:06:56.812Z
1914, 747590, 2.660238, 2021-06-22T01:07:11.935Z
1956, 746296, 2.598610, 2021-06-22T01:07:26.814Z
1954, 744040, 2.593407, 2021-06-22T01:07:41.816Z
1916, 744980, 2.648183, 2021-06-22T01:07:56.883Z
1865, 746980, 2.727904, 2021-06-22T01:08:11.925Z
1996, 744290, 2.539689, 2021-06-22T01:08:26.900Z
2000, 744364, 2.534862, 2021-06-22T01:08:41.819Z
1914, 744482, 2.649178, 2021-06-22T01:08:56.901Z
1940, 748300, 2.627078, 2021-06-22T01:09:11.902Z
1938, 746556, 2.623660, 2021-06-22T01:09:26.905Z
1948, 746730, 2.610800, 2021-06-22T01:09:41.920Z
1915, 745018, 2.649701, 2021-06-22T01:09:56.929Z
1916, 745452, 2.649861, 2021-06-22T01:10:11.945Z
1916, 745354, 2.649513, 2021-06-22T01:10:26.825Z
1918, 746202, 2.649761, 2021-06-22T01:10:41.827Z
2002, 747768, 2.543910, 2021-06-22T01:10:56.826Z
1916, 744588, 2.646790, 2021-06-22T01:11:11.827Z
1958, 744512, 2.589751, 2021-06-22T01:11:26.828Z
1960, 744268, 2.586260, 2021-06-22T01:11:41.927Z
1946, 746008, 2.610956, 2021-06-22T01:11:56.830Z
1918, 746082, 2.649335, 2021-06-22T01:12:11.831Z
1918, 746900, 2.652240, 2021-06-22T01:12:26.832Z
1899, 743764, 2.667529, 2021-06-22T01:12:41.832Z
1914, 743296, 2.644958, 2021-06-22T01:12:56.834Z
1918, 744302, 2.643014, 2021-06-22T01:13:11.835Z
1920, 744942, 2.642531, 2021-06-22T01:13:26.841Z
1881, 748222, 2.709197, 2021-06-22T01:13:41.836Z
1968, 745500, 2.580010, 2021-06-22T01:13:56.837Z
2006, 744992, 2.529412, 2021-06-22T01:14:11.838Z
1954, 746328, 2.601382, 2021-06-22T01:14:26.851Z
1946, 744564, 2.605902, 2021-06-22T01:14:41.850Z
1922, 748040, 2.650760, 2021-06-22T01:14:56.845Z
1995, 746386, 2.548118, 2021-06-22T01:15:11.869Z
1962, 745798, 2.588935, 2021-06-22T01:15:26.842Z
1962, 745486, 2.587852, 2021-06-22T01:15:41.843Z
1917, 746516, 2.652259, 2021-06-22T01:15:56.846Z
1920, 746236, 2.647122, 2021-06-22T01:16:11.939Z
1922, 744390, 2.637826, 2021-06-22T01:16:26.967Z
1922, 744804, 2.639292, 2021-06-22T01:16:42.054Z
1970, 746982, 2.582515, 2021-06-22T01:16:57.010Z
2008, 747622, 2.535813, 2021-06-22T01:17:11.850Z
1922, 748320, 2.651752, 2021-06-22T01:17:26.849Z
1924, 748148, 2.648386, 2021-06-22T01:17:41.850Z
1922, 749110, 2.654551, 2021-06-22T01:17:56.851Z
1924, 746194, 2.641469, 2021-06-22T01:18:11.852Z
1924, 746254, 2.641682, 2021-06-22T01:18:26.853Z
1946, 745936, 2.610704, 2021-06-22T01:18:41.872Z
1962, 746816, 2.592469, 2021-06-22T01:18:56.935Z
2006, 746792, 2.535524, 2021-06-22T01:19:11.960Z
1962, 745324, 2.587290, 2021-06-22T01:19:26.953Z
1964, 745720, 2.586028, 2021-06-22T01:19:41.964Z
1926, 744466, 2.632616, 2021-06-22T01:19:56.860Z
2010, 745880, 2.527387, 2021-06-22T01:20:11.859Z
1972, 744406, 2.570999, 2021-06-22T01:20:26.903Z
2010, 748134, 2.535025, 2021-06-22T01:20:41.932Z
1936, 748496, 2.633195, 2021-06-22T01:20:56.962Z
1916, 747022, 2.655442, 2021-06-22T01:21:11.958Z
1934, 747598, 2.632756, 2021-06-22T01:21:26.962Z
1946, 744798, 2.606721, 2021-06-22T01:21:41.988Z
1924, 747690, 2.646765, 2021-06-22T01:21:56.981Z
1926, 749110, 2.649038, 2021-06-22T01:22:11.866Z
1958, 748232, 2.602690, 2021-06-22T01:22:26.938Z
2012, 746250, 2.526128, 2021-06-22T01:22:41.867Z
1960, 744756, 2.587956, 2021-06-22T01:22:56.902Z
1954, 748226, 2.607997, 2021-06-22T01:23:11.890Z
1966, 748512, 2.593070, 2021-06-22T01:23:26.889Z
1966, 746378, 2.585677, 2021-06-22T01:23:41.909Z
2012, 747506, 2.530379, 2021-06-22T01:23:56.872Z
1954, 746358, 2.601486, 2021-06-22T01:24:11.873Z
2008, 747326, 2.534809, 2021-06-22T01:24:26.873Z
1946, 748782, 2.620665, 2021-06-22T01:24:41.874Z
1967, 745782, 2.582299, 2021-06-22T01:24:56.885Z
1954, 746844, 2.603180, 2021-06-22T01:25:11.876Z
1926, 749200, 2.649357, 2021-06-22T01:25:26.877Z
2010, 745548, 2.526263, 2021-06-22T01:25:41.879Z
2012, 748276, 2.532986, 2021-06-22T01:25:56.879Z
1934, 749606, 2.639827, 2021-06-22T01:26:11.893Z
1928, 746084, 2.635601, 2021-06-22T01:26:26.880Z
1960, 746058, 2.592480, 2021-06-22T01:26:41.881Z
2012, 745630, 2.524029, 2021-06-22T01:26:56.882Z
1921, 746954, 2.648289, 2021-06-22T01:27:11.883Z
1968, 746384, 2.583070, 2021-06-22T01:27:26.884Z
1968, 746956, 2.585049, 2021-06-22T01:27:41.893Z
1944, 747726, 2.619661, 2021-06-22T01:27:56.886Z
1956, 748392, 2.605909, 2021-06-22T01:28:11.887Z
1950, 747294, 2.610092, 2021-06-22T01:28:26.887Z
1950, 749294, 2.617077, 2021-06-22T01:28:41.889Z
1928, 745382, 2.633121, 2021-06-22T01:28:56.889Z
2014, 746824, 2.525560, 2021-06-22T01:29:11.892Z
1928, 748602, 2.644496, 2021-06-22T01:29:26.894Z
1928, 746082, 2.635594, 2021-06-22T01:29:41.894Z
1930, 745684, 2.631458, 2021-06-22T01:29:56.892Z
1946, 748164, 2.618502, 2021-06-22T01:30:11.893Z
1958, 747296, 2.599435, 2021-06-22T01:30:26.894Z
2016, 745778, 2.519521, 2021-06-22T01:30:41.904Z
1948, 749704, 2.621198, 2021-06-22T01:30:56.896Z
1943, 746164, 2.615534, 2021-06-22T01:31:11.946Z
1970, 750270, 2.593882, 2021-06-22T01:31:27.031Z
1972, 744980, 2.572981, 2021-06-22T01:31:41.902Z
1944, 747418, 2.618582, 2021-06-22T01:31:56.957Z
1954, 747850, 2.606687, 2021-06-22T01:32:11.978Z
1930, 747890, 2.639243, 2021-06-22T01:32:26.995Z
1930, 746954, 2.635940, 2021-06-22T01:32:42.012Z
2020, 747064, 2.518867, 2021-06-22T01:32:56.904Z
1950, 747186, 2.609715, 2021-06-22T01:33:11.905Z
1948, 749362, 2.620002, 2021-06-22T01:33:26.905Z
1926, 746424, 2.639540, 2021-06-22T01:33:41.923Z
1964, 746124, 2.587429, 2021-06-22T01:33:56.981Z
1938, 748482, 2.630429, 2021-06-22T01:34:12.091Z
1970, 746184, 2.579756, 2021-06-22T01:34:26.971Z
2018, 746036, 2.517895, 2021-06-22T01:34:41.976Z
1926, 746430, 2.639561, 2021-06-22T01:34:56.910Z
1932, 747018, 2.633436, 2021-06-22T01:35:11.911Z
1934, 747018, 2.630713, 2021-06-22T01:35:26.914Z
1946, 746122, 2.611355, 2021-06-22T01:35:41.912Z
1929, 747626, 2.639679, 2021-06-22T01:35:56.913Z
1932, 745662, 2.628656, 2021-06-22T01:36:11.916Z
2018, 748100, 2.524861, 2021-06-22T01:36:26.916Z
1942, 749070, 2.627073, 2021-06-22T01:36:41.917Z
1932, 745134, 2.626795, 2021-06-22T01:36:56.917Z
1934, 748246, 2.635038, 2021-06-22T01:37:11.918Z
2022, 749048, 2.523059, 2021-06-22T01:37:26.949Z
1934, 748156, 2.634721, 2021-06-22T01:37:41.919Z
2022, 746200, 2.513466, 2021-06-22T01:37:56.921Z
1934, 747742, 2.633263, 2021-06-22T01:38:11.921Z
1934, 749486, 2.639405, 2021-06-22T01:38:26.922Z
2298, 747804, 2.216341, 2021-06-22T01:38:41.923Z
1978, 747354, 2.573351, 2021-06-22T01:38:56.924Z
1976, 747338, 2.575900, 2021-06-22T01:39:11.925Z
1934, 749694, 2.640137, 2021-06-22T01:39:27.000Z
2024, 745536, 2.508748, 2021-06-22T01:39:41.979Z
1934, 748712, 2.636679, 2021-06-22T01:39:56.927Z
1936, 748770, 2.634159, 2021-06-22T01:40:11.928Z
1936, 745984, 2.624358, 2021-06-22T01:40:26.929Z
1932, 748450, 2.638485, 2021-06-22T01:40:41.930Z
2024, 747556, 2.515545, 2021-06-22T01:40:56.931Z
1936, 747544, 2.629846, 2021-06-22T01:41:11.932Z
1976, 749756, 2.584234, 2021-06-22T01:41:26.933Z
2024, 746160, 2.510848, 2021-06-22T01:41:41.933Z
1938, 748908, 2.631926, 2021-06-22T01:41:56.943Z
1926, 747916, 2.644816, 2021-06-22T01:42:11.935Z
1940, 745874, 2.618561, 2021-06-22T01:42:26.938Z
1912, 748888, 2.667644, 2021-06-22T01:42:42.061Z
2012, 746732, 2.527759, 2021-06-22T01:42:56.938Z
1982, 747526, 2.568748, 2021-06-22T01:43:11.947Z
1942, 746930, 2.619568, 2021-06-22T01:43:26.947Z
1942, 750586, 2.632390, 2021-06-22T01:43:41.944Z
1942, 747700, 2.622268, 2021-06-22T01:43:56.942Z
2028, 749478, 2.517039, 2021-06-22T01:44:11.942Z
1942, 747962, 2.623187, 2021-06-22T01:44:26.943Z
1942, 749730, 2.629387, 2021-06-22T01:44:41.945Z
1946, 746586, 2.612979, 2021-06-22T01:44:56.945Z
1944, 749696, 2.626563, 2021-06-22T01:45:11.946Z
1940, 750012, 2.633088, 2021-06-22T01:45:26.946Z
1998, 746836, 2.545826, 2021-06-22T01:45:41.947Z
1952, 749224, 2.614152, 2021-06-22T01:45:56.997Z
2000, 749506, 2.552372, 2021-06-22T01:46:11.949Z
1972, 750060, 2.590526, 2021-06-22T01:46:26.951Z
1946, 747598, 2.616521, 2021-06-22T01:46:41.951Z
1976, 747728, 2.577245, 2021-06-22T01:46:56.960Z
1994, 747998, 2.554902, 2021-06-22T01:47:11.973Z
1950, 748694, 2.614982, 2021-06-22T01:47:26.966Z
1952, 748434, 2.611395, 2021-06-22T01:47:42.026Z
1948, 749352, 2.619967, 2021-06-22T01:47:57.014Z
1950, 749656, 2.618342, 2021-06-22T01:48:12.010Z
1927, 748026, 2.643832, 2021-06-22T01:48:27.013Z
1956, 750412, 2.612942, 2021-06-22T01:48:42.042Z
2042, 746706, 2.490536, 2021-06-22T01:48:57.055Z
2014, 749140, 2.533392, 2021-06-22T01:49:12.060Z
1956, 749776, 2.610728, 2021-06-22T01:49:26.960Z
1960, 750724, 2.608694, 2021-06-22T01:49:41.961Z
1962, 746838, 2.592545, 2021-06-22T01:49:56.963Z
1960, 749810, 2.605518, 2021-06-22T01:50:11.964Z
1960, 748050, 2.599402, 2021-06-22T01:50:26.964Z
1962, 749298, 2.601085, 2021-06-22T01:50:41.965Z
1992, 748382, 2.558780, 2021-06-22T01:50:56.968Z
2004, 750490, 2.550622, 2021-06-22T01:51:11.967Z
2050, 746758, 2.480990, 2021-06-22T01:51:26.969Z
2032, 749054, 2.510663, 2021-06-22T01:51:41.968Z
2043, 749638, 2.499091, 2021-06-22T01:51:56.971Z
1968, 750654, 2.597847, 2021-06-22T01:52:12.059Z
1968, 746906, 2.584876, 2021-06-22T01:52:27.061Z
2054, 747070, 2.477193, 2021-06-22T01:52:42.164Z
1966, 747850, 2.590776, 2021-06-22T01:52:57.108Z
1970, 749346, 2.590688, 2021-06-22T01:53:11.974Z
2056, 746760, 2.473756, 2021-06-22T01:53:26.974Z
2056, 746922, 2.474293, 2021-06-22T01:53:41.975Z
2056, 750938, 2.487596, 2021-06-22T01:53:56.976Z
1972, 751124, 2.594201, 2021-06-22T01:54:11.977Z
2090, 747024, 2.434373, 2021-06-22T01:54:26.978Z
1974, 747580, 2.579345, 2021-06-22T01:54:41.979Z
2050, 748636, 2.487229, 2021-06-22T01:54:56.980Z
1992, 750414, 2.565727, 2021-06-22T01:55:11.981Z
1976, 750772, 2.587737, 2021-06-22T01:55:26.985Z
2014, 750730, 2.538769, 2021-06-22T01:55:41.988Z
1975, 746952, 2.575873, 2021-06-22T01:55:56.983Z
1978, 748026, 2.575665, 2021-06-22T01:56:11.984Z
2064, 747000, 2.464960, 2021-06-22T01:56:26.985Z
1978, 747772, 2.574790, 2021-06-22T01:56:41.986Z
2280, 749864, 2.239993, 2021-06-22T01:56:56.986Z
1982, 749890, 2.576872, 2021-06-22T01:57:12.866Z
1972, 749746, 2.589442, 2021-06-22T01:57:27.003Z
1982, 746806, 2.566274, 2021-06-22T01:57:42.006Z
1982, 747438, 2.568446, 2021-06-22T01:57:56.990Z
1986, 746924, 2.561510, 2021-06-22T01:58:11.991Z
1972, 748630, 2.585588, 2021-06-22T01:58:26.993Z
1980, 749506, 2.578154, 2021-06-22T01:58:41.993Z
2026, 750320, 2.522354, 2021-06-22T01:58:56.993Z
2054, 750890, 2.489859, 2021-06-22T01:59:11.994Z
1981, 749642, 2.577320, 2021-06-22T01:59:26.996Z
2040, 749074, 2.500884, 2021-06-22T01:59:41.996Z
1984, 746942, 2.564154, 2021-06-22T01:59:56.997Z
1988, 748696, 2.565004, 2021-06-22T02:00:12.002Z
2076, 747704, 2.453021, 2021-06-22T02:00:27.013Z
1988, 750554, 2.571370, 2021-06-22T02:00:42.020Z
1982, 750540, 2.579105, 2021-06-22T02:00:57.000Z
1996, 749428, 2.557221, 2021-06-22T02:01:12.036Z
2044, 747886, 2.492031, 2021-06-22T02:01:27.030Z
2078, 747984, 2.451578, 2021-06-22T02:01:42.079Z
2000, 750546, 2.555914, 2021-06-22T02:01:57.080Z
2002, 750506, 2.553224, 2021-06-22T02:02:12.005Z
2024, 747416, 2.515074, 2021-06-22T02:02:27.011Z
1984, 750774, 2.577309, 2021-06-22T02:02:42.006Z
2044, 749868, 2.498635, 2021-06-22T02:02:57.007Z
2048, 748732, 2.489977, 2021-06-22T02:03:12.009Z
2094, 746882, 2.429261, 2021-06-22T02:03:27.009Z
2094, 748198, 2.433542, 2021-06-22T02:03:42.010Z
2091, 751566, 2.448003, 2021-06-22T02:03:57.011Z
2009, 751438, 2.547488, 2021-06-22T02:04:12.012Z
2048, 748994, 2.490849, 2021-06-22T02:04:27.013Z
2040, 748580, 2.499234, 2021-06-22T02:04:42.013Z
1992, 751174, 2.568326, 2021-06-22T02:04:57.014Z
2104, 749838, 2.427284, 2021-06-22T02:05:12.017Z
2016, 748508, 2.528744, 2021-06-22T02:05:27.019Z
2104, 748638, 2.423400, 2021-06-22T02:05:42.017Z
2040, 750782, 2.506586, 2021-06-22T02:05:57.030Z
2014, 748452, 2.531065, 2021-06-22T02:06:12.019Z
2048, 751774, 2.500093, 2021-06-22T02:06:27.019Z
2036, 749628, 2.507650, 2021-06-22T02:06:42.034Z
2064, 748874, 2.471143, 2021-06-22T02:06:57.021Z
2066, 751448, 2.477237, 2021-06-22T02:07:12.089Z
2083, 751132, 2.455986, 2021-06-22T02:07:27.026Z
2087, 749242, 2.445111, 2021-06-22T02:07:42.117Z
2112, 748478, 2.413704, 2021-06-22T02:07:57.105Z
2116, 747984, 2.407552, 2021-06-22T02:08:12.026Z
2107, 747496, 2.416258, 2021-06-22T02:08:27.033Z
2030, 749912, 2.516015, 2021-06-22T02:08:42.102Z
2044, 751202, 2.503080, 2021-06-22T02:08:57.030Z
2058, 749978, 2.482002, 2021-06-22T02:09:12.029Z
2118, 748186, 2.405927, 2021-06-22T02:09:27.033Z
2120, 749802, 2.408849, 2021-06-22T02:09:42.031Z
2134, 748758, 2.389714, 2021-06-22T02:09:57.032Z
2016, 748320, 2.528109, 2021-06-22T02:10:12.088Z
2052, 748978, 2.485940, 2021-06-22T02:10:27.089Z
2032, 748104, 2.507478, 2021-06-22T02:10:42.034Z
2080, 748492, 2.450884, 2021-06-22T02:10:57.040Z
2032, 749420, 2.511889, 2021-06-22T02:11:12.036Z
2042, 751946, 2.508013, 2021-06-22T02:11:27.038Z
2042, 752094, 2.508507, 2021-06-22T02:11:42.039Z
2127, 748518, 2.396810, 2021-06-22T02:11:57.039Z
2064, 752202, 2.482125, 2021-06-22T02:12:12.039Z
2130, 751706, 2.403628, 2021-06-22T02:12:27.040Z
2130, 751174, 2.401927, 2021-06-22T02:12:42.047Z
2046, 750806, 2.499315, 2021-06-22T02:12:57.047Z
2046, 751906, 2.502977, 2021-06-22T02:13:12.068Z
2048, 751582, 2.499455, 2021-06-22T02:13:27.076Z
2136, 750358, 2.392578, 2021-06-22T02:13:42.085Z
2048, 750800, 2.496855, 2021-06-22T02:13:57.096Z
2138, 750320, 2.390219, 2021-06-22T02:14:12.101Z
2136, 748568, 2.386871, 2021-06-22T02:14:27.739Z
2018, 749118, 2.528296, 2021-06-22T02:14:42.048Z
2092, 748976, 2.438401, 2021-06-22T02:14:57.053Z
2094, 749306, 2.437145, 2021-06-22T02:15:12.051Z
2138, 749584, 2.387875, 2021-06-22T02:15:27.052Z
2140, 749340, 2.384866, 2021-06-22T02:15:42.054Z
2099, 752796, 2.442664, 2021-06-22T02:15:57.053Z
2140, 752794, 2.395859, 2021-06-22T02:16:12.054Z
2140, 749550, 2.385535, 2021-06-22T02:16:27.055Z
2056, 751124, 2.488212, 2021-06-22T02:16:42.055Z
2050, 752946, 2.501548, 2021-06-22T02:16:57.056Z
2058, 749982, 2.482015, 2021-06-22T02:17:12.057Z
2096, 749962, 2.436952, 2021-06-22T02:17:27.058Z
2056, 749270, 2.482071, 2021-06-22T02:17:42.060Z
2052, 751332, 2.493753, 2021-06-22T02:17:57.060Z
2060, 750792, 2.482283, 2021-06-22T02:18:12.061Z
2060, 752192, 2.486912, 2021-06-22T02:18:27.061Z
2060, 752836, 2.489041, 2021-06-22T02:18:42.062Z
2102, 751244, 2.434149, 2021-06-22T02:18:57.069Z
2102, 751494, 2.434959, 2021-06-22T02:19:12.065Z
2062, 752616, 2.485900, 2021-06-22T02:19:27.069Z
2062, 752490, 2.485484, 2021-06-22T02:19:42.067Z
2048, 753050, 2.504337, 2021-06-22T02:19:57.067Z
2102, 750360, 2.431285, 2021-06-22T02:20:12.069Z
2180, 753674, 2.354648, 2021-06-22T02:20:27.068Z
2102, 751850, 2.436113, 2021-06-22T02:20:42.139Z
2152, 751416, 2.378138, 2021-06-22T02:20:57.148Z
2150, 753556, 2.387130, 2021-06-22T02:21:12.072Z
2068, 753988, 2.483207, 2021-06-22T02:21:27.072Z
2154, 753158, 2.381438, 2021-06-22T02:21:42.073Z
2106, 751496, 2.430341, 2021-06-22T02:21:57.074Z
2188, 753282, 2.344818, 2021-06-22T02:22:12.075Z
2070, 753204, 2.478228, 2021-06-22T02:22:27.075Z
2076, 753208, 2.471078, 2021-06-22T02:22:42.078Z
2102, 753780, 2.442366, 2021-06-22T02:22:57.077Z
2112, 752808, 2.427668, 2021-06-22T02:23:12.078Z
2158, 752020, 2.373432, 2021-06-22T02:23:27.079Z
2072, 754294, 2.479419, 2021-06-22T02:23:42.080Z
2074, 753660, 2.474946, 2021-06-22T02:23:57.080Z
2120, 753006, 2.419143, 2021-06-22T02:24:12.082Z
2160, 751830, 2.370636, 2021-06-22T02:24:27.082Z
2091, 751150, 2.446648, 2021-06-22T02:24:42.083Z
2162, 750872, 2.365425, 2021-06-22T02:24:57.085Z
2074, 752850, 2.472286, 2021-06-22T02:25:12.085Z
2068, 752896, 2.479610, 2021-06-22T02:25:27.086Z
2073, 754424, 2.478649, 2021-06-22T02:25:42.087Z
2164, 753356, 2.371057, 2021-06-22T02:25:57.087Z
2164, 753654, 2.371994, 2021-06-22T02:26:12.088Z
2078, 752490, 2.466347, 2021-06-22T02:26:27.092Z
2072, 754932, 2.481515, 2021-06-22T02:26:42.132Z
2122, 754104, 2.420387, 2021-06-22T02:26:57.488Z
2122, 755504, 2.424880, 2021-06-22T02:27:12.107Z
2023, 751678, 2.530666, 2021-06-22T02:27:27.093Z
2080, 753560, 2.467479, 2021-06-22T02:27:42.095Z
2118, 751432, 2.416366, 2021-06-22T02:27:57.094Z
2046, 750926, 2.499715, 2021-06-22T02:28:12.095Z
2168, 754074, 2.368937, 2021-06-22T02:28:27.096Z
2130, 753934, 2.410753, 2021-06-22T02:28:42.098Z
2084, 753496, 2.462533, 2021-06-22T02:28:57.099Z
2107, 755152, 2.441005, 2021-06-22T02:29:12.099Z
2084, 753832, 2.463632, 2021-06-22T02:29:27.102Z
2050, 754744, 2.507522, 2021-06-22T02:29:42.100Z
2202, 751808, 2.325351, 2021-06-22T02:29:57.101Z
2122, 755960, 2.426344, 2021-06-22T02:30:12.102Z
2090, 754744, 2.459531, 2021-06-22T02:30:27.103Z
2086, 751034, 2.452134, 2021-06-22T02:30:42.104Z
2128, 754362, 2.414388, 2021-06-22T02:30:57.122Z
2126, 752420, 2.410438, 2021-06-22T02:31:12.106Z
2084, 751266, 2.455245, 2021-06-22T02:31:27.106Z
2090, 752178, 2.451169, 2021-06-22T02:31:42.107Z
2060, 754582, 2.494814, 2021-06-22T02:31:57.110Z
2086, 751370, 2.453231, 2021-06-22T02:32:12.109Z
2064, 750580, 2.476773, 2021-06-22T02:32:28.608Z
2088, 753928, 2.459225, 2021-06-22T02:32:42.163Z
2200, 753012, 2.331192, 2021-06-22T02:32:57.113Z
2178, 752432, 2.352926, 2021-06-22T02:33:12.118Z
2084, 754368, 2.465383, 2021-06-22T02:33:27.117Z
2169, 753960, 2.367487, 2021-06-22T02:33:42.117Z
2092, 752280, 2.449158, 2021-06-22T02:33:57.210Z
2086, 752374, 2.456509, 2021-06-22T02:34:12.116Z
2074, 753804, 2.475418, 2021-06-22T02:34:27.117Z
2070, 753750, 2.480024, 2021-06-22T02:34:42.118Z
2136, 756032, 2.410671, 2021-06-22T02:34:57.118Z
2134, 755816, 2.412240, 2021-06-22T02:35:12.120Z
2200, 755024, 2.337421, 2021-06-22T02:35:27.123Z
2190, 756696, 2.353294, 2021-06-22T02:35:42.122Z
2074, 758064, 2.489408, 2021-06-22T02:35:57.122Z
2090, 757082, 2.467150, 2021-06-22T02:36:12.130Z
2198, 757438, 2.347028, 2021-06-22T02:36:27.124Z
2064, 755538, 2.493133, 2021-06-22T02:36:42.126Z
2200, 755292, 2.338251, 2021-06-22T02:36:57.174Z
2080, 757378, 2.479980, 2021-06-22T02:37:12.206Z
2176, 757566, 2.371158, 2021-06-22T02:37:27.240Z
2088, 757382, 2.470492, 2021-06-22T02:37:42.257Z
2088, 754050, 2.459623, 2021-06-22T02:37:57.146Z
2098, 755300, 2.451957, 2021-06-22T02:38:12.139Z
2088, 755176, 2.463296, 2021-06-22T02:38:27.140Z
2088, 754002, 2.459467, 2021-06-22T02:38:42.149Z
2130, 756972, 2.420467, 2021-06-22T02:38:57.168Z
2130, 758448, 2.425186, 2021-06-22T02:39:12.225Z
2084, 754808, 2.466821, 2021-06-22T02:39:27.177Z
2172, 754850, 2.367008, 2021-06-22T02:39:42.167Z
2059, 754956, 2.497262, 2021-06-22T02:39:57.226Z
2078, 755602, 2.476547, 2021-06-22T02:40:12.208Z
2060, 755650, 2.498345, 2021-06-22T02:40:27.207Z
2124, 755762, 2.423424, 2021-06-22T02:40:42.213Z
2133, 754560, 2.409361, 2021-06-22T02:40:57.226Z
2202, 754688, 2.334259, 2021-06-22T02:41:12.232Z
2080, 755166, 2.472738, 2021-06-22T02:41:27.237Z
2078, 755402, 2.475891, 2021-06-22T02:41:42.142Z
2200, 755326, 2.338356, 2021-06-22T02:41:57.539Z
2086, 757906, 2.474571, 2021-06-22T02:42:12.144Z
2159, 757932, 2.390983, 2021-06-22T02:42:27.145Z
2078, 758836, 2.487146, 2021-06-22T02:42:42.148Z
2124, 757680, 2.429574, 2021-06-22T02:42:57.171Z
2128, 754396, 2.414497, 2021-06-22T02:43:12.148Z
2082, 754920, 2.469557, 2021-06-22T02:43:27.150Z
2168, 755380, 2.373040, 2021-06-22T02:43:42.149Z
2084, 756930, 2.473756, 2021-06-22T02:43:57.150Z
2196, 757752, 2.350140, 2021-06-22T02:44:12.151Z
2047, 758362, 2.523235, 2021-06-22T02:44:27.173Z
2202, 758652, 2.346520, 2021-06-22T02:44:42.163Z
2056, 756620, 2.506419, 2021-06-22T02:44:57.153Z
2086, 754906, 2.464776, 2021-06-22T02:45:12.154Z
2074, 754522, 2.477776, 2021-06-22T02:45:27.156Z
2056, 755594, 2.503020, 2021-06-22T02:45:42.232Z
2172, 756564, 2.372383, 2021-06-22T02:45:57.159Z
2170, 757788, 2.378411, 2021-06-22T02:46:12.158Z
2084, 758656, 2.479397, 2021-06-22T02:46:27.159Z
2086, 757078, 2.471868, 2021-06-22T02:46:42.160Z
2124, 755152, 2.421468, 2021-06-22T02:46:57.161Z
2124, 755500, 2.422584, 2021-06-22T02:47:12.161Z
2054, 758932, 2.516526, 2021-06-22T02:47:27.164Z
2204, 757926, 2.342147, 2021-06-22T02:47:42.163Z
2090, 755840, 2.463103, 2021-06-22T02:47:57.230Z
2084, 757024, 2.474063, 2021-06-22T02:48:12.261Z
2168, 758196, 2.381887, 2021-06-22T02:48:27.274Z
2202, 758114, 2.344856, 2021-06-22T02:48:42.284Z
2078, 755138, 2.475026, 2021-06-22T02:48:57.213Z
2080, 759184, 2.485894, 2021-06-22T02:49:12.228Z
2084, 756790, 2.473299, 2021-06-22T02:49:27.234Z
2200, 755622, 2.339273, 2021-06-22T02:49:42.263Z
2120, 756336, 2.429841, 2021-06-22T02:49:57.269Z
2200, 756082, 2.340697, 2021-06-22T02:50:12.298Z
2204, 758682, 2.344483, 2021-06-22T02:50:27.305Z
2084, 757586, 2.475900, 2021-06-22T02:50:42.174Z
2124, 755584, 2.422854, 2021-06-22T02:50:57.300Z
2124, 756000, 2.424187, 2021-06-22T02:51:12.175Z
2094, 755178, 2.456244, 2021-06-22T02:51:27.178Z
2082, 757246, 2.477166, 2021-06-22T02:51:42.177Z
2174, 755194, 2.365908, 2021-06-22T02:51:57.178Z
2052, 755616, 2.507972, 2021-06-22T02:52:12.179Z
2120, 758264, 2.436035, 2021-06-22T02:52:27.179Z
2082, 755968, 2.472986, 2021-06-22T02:52:42.180Z
2082, 755622, 2.471854, 2021-06-22T02:52:57.181Z
2121, 759204, 2.437905, 2021-06-22T02:53:12.189Z
2079, 758506, 2.484869, 2021-06-22T02:53:27.241Z
2076, 756236, 2.481012, 2021-06-22T02:53:42.238Z
2082, 755830, 2.472534, 2021-06-22T02:53:57.240Z
2076, 755886, 2.479864, 2021-06-22T02:54:12.282Z
2050, 758554, 2.520180, 2021-06-22T02:54:27.295Z
2050, 757024, 2.515097, 2021-06-22T02:54:42.306Z
2122, 755768, 2.425728, 2021-06-22T02:54:57.191Z
2124, 757128, 2.427804, 2021-06-22T02:55:12.207Z
2082, 756486, 2.474680, 2021-06-22T02:55:27.190Z
2060, 759046, 2.509573, 2021-06-22T02:55:42.191Z
2082, 758560, 2.481465, 2021-06-22T02:55:57.192Z
2060, 756304, 2.500507, 2021-06-22T02:56:27.197Z
2168, 756942, 2.377947, 2021-06-22T02:56:42.195Z
2084, 759100, 2.480848, 2021-06-22T02:56:57.195Z
2082, 756480, 2.474661, 2021-06-22T02:57:12.196Z
2080, 756400, 2.476778, 2021-06-22T02:57:27.198Z
2052, 755250, 2.506757, 2021-06-22T02:57:42.199Z
2084, 756370, 2.471926, 2021-06-22T02:57:57.199Z
2082, 756410, 2.474432, 2021-06-22T02:58:12.200Z
2052, 756872, 2.512141, 2021-06-22T02:58:27.320Z
2048, 755788, 2.513443, 2021-06-22T02:58:42.201Z
2124, 756060, 2.424380, 2021-06-22T02:58:57.202Z
2124, 756538, 2.425913, 2021-06-22T02:59:12.309Z
2168, 758588, 2.383118, 2021-06-22T02:59:27.317Z
2084, 755244, 2.468246, 2021-06-22T02:59:42.331Z
2168, 758352, 2.382377, 2021-06-22T02:59:57.225Z
2168, 758534, 2.382949, 2021-06-22T03:00:12.206Z
2076, 755142, 2.477423, 2021-06-22T03:00:27.207Z
2082, 755102, 2.470153, 2021-06-22T03:00:42.208Z
2080, 757362, 2.479928, 2021-06-22T03:00:57.209Z
2084, 758944, 2.480338, 2021-06-22T03:01:12.210Z
2166, 758944, 2.386438, 2021-06-22T03:01:27.211Z
2054, 755860, 2.506339, 2021-06-22T03:01:42.217Z
2082, 756314, 2.474118, 2021-06-22T03:01:57.213Z
2168, 757118, 2.378500, 2021-06-22T03:02:12.213Z
2168, 755748, 2.374197, 2021-06-22T03:02:27.222Z
2202, 756036, 2.338428, 2021-06-22T03:02:42.981Z
2124, 758220, 2.431306, 2021-06-22T03:02:57.307Z
2124, 759480, 2.435346, 2021-06-22T03:03:12.303Z
2084, 759328, 2.481593, 2021-06-22T03:03:27.224Z
2084, 759068, 2.480744, 2021-06-22T03:03:57.219Z
2202, 758268, 2.345332, 2021-06-22T03:04:12.221Z
2082, 758966, 2.482793, 2021-06-22T03:04:27.254Z
2168, 758614, 2.383200, 2021-06-22T03:04:42.239Z
2082, 758424, 2.481020, 2021-06-22T03:04:57.223Z
2200, 759298, 2.350653, 2021-06-22T03:05:12.224Z
2204, 756708, 2.338383, 2021-06-22T03:05:27.225Z
2052, 757180, 2.513163, 2021-06-22T03:05:42.229Z
2115, 755998, 2.434497, 2021-06-22T03:05:57.249Z
2082, 756334, 2.474183, 2021-06-22T03:06:12.278Z
2098, 755940, 2.454035, 2021-06-22T03:06:27.229Z
2080, 755966, 2.475357, 2021-06-22T03:06:42.256Z
2122, 756502, 2.428083, 2021-06-22T03:06:57.231Z
2126, 757528, 2.426802, 2021-06-22T03:07:12.231Z
2086, 755308, 2.466089, 2021-06-22T03:07:27.235Z
2204, 757992, 2.342351, 2021-06-22T03:07:42.233Z
2082, 759128, 2.483323, 2021-06-22T03:07:57.233Z
2194, 757288, 2.350842, 2021-06-22T03:08:12.259Z
2168, 755364, 2.372990, 2021-06-22T03:08:27.271Z
2082, 755268, 2.470696, 2021-06-22T03:08:42.236Z
2176, 757104, 2.369712, 2021-06-22T03:08:57.237Z
2078, 758782, 2.486969, 2021-06-22T03:09:12.238Z
2066, 756070, 2.492474, 2021-06-22T03:09:27.239Z
2082, 757290, 2.477310, 2021-06-22T03:09:42.242Z
2086, 758860, 2.477686, 2021-06-22T03:09:57.242Z
2084, 759174, 2.481090, 2021-06-22T03:10:12.242Z
2058, 758602, 2.510542, 2021-06-22T03:10:27.242Z
2084, 755684, 2.469684, 2021-06-22T03:10:42.243Z
2124, 755416, 2.422315, 2021-06-22T03:10:57.244Z
2154, 757288, 2.394497, 2021-06-22T03:11:12.246Z
2172, 759434, 2.381382, 2021-06-22T03:11:27.246Z
2170, 759130, 2.382623, 2021-06-22T03:11:42.247Z
2086, 756886, 2.471241, 2021-06-22T03:11:57.247Z
2058, 755390, 2.499912, 2021-06-22T03:12:12.248Z
2198, 755440, 2.340837, 2021-06-22T03:12:27.251Z
2196, 755214, 2.342268, 2021-06-22T03:12:42.263Z
2170, 755912, 2.372523, 2021-06-22T03:12:57.251Z
2172, 757310, 2.374722, 2021-06-22T03:13:12.252Z
2194, 759098, 2.356460, 2021-06-22T03:13:27.253Z
2046, 757764, 2.522477, 2021-06-22T03:13:42.253Z
2198, 759310, 2.352829, 2021-06-22T03:13:57.255Z
2084, 755804, 2.470076, 2021-06-22T03:14:12.256Z
2084, 758046, 2.477404, 2021-06-22T03:14:27.256Z
2084, 759054, 2.480698, 2021-06-22T03:14:42.257Z
2124, 754926, 2.420743, 2021-06-22T03:14:57.258Z
2126, 757550, 2.426872, 2021-06-22T03:15:12.259Z
2084, 755416, 2.468808, 2021-06-22T03:15:27.260Z
2086, 759232, 2.478900, 2021-06-22T03:15:42.265Z
2172, 758622, 2.378836, 2021-06-22T03:15:57.350Z
2204, 755932, 2.335985, 2021-06-22T03:16:12.309Z
2060, 757798, 2.505447, 2021-06-22T03:16:27.331Z
2086, 758738, 2.477288, 2021-06-22T03:16:42.342Z
2206, 758698, 2.342407, 2021-06-22T03:16:57.277Z
2086, 755006, 2.465103, 2021-06-22T03:17:12.376Z
2082, 755888, 2.472724, 2021-06-22T03:17:27.282Z
2172, 757374, 2.374923, 2021-06-22T03:17:42.314Z
2086, 756116, 2.468727, 2021-06-22T03:17:57.318Z
2174, 755900, 2.368120, 2021-06-22T03:18:12.269Z
2084, 754830, 2.466893, 2021-06-22T03:18:27.326Z
2031, 755220, 2.532576, 2021-06-22T03:18:42.284Z
2128, 758956, 2.429092, 2021-06-22T03:18:57.411Z
2126, 757366, 2.426283, 2021-06-22T03:19:12.274Z
2178, 758874, 2.373071, 2021-06-22T03:19:27.274Z
2198, 756450, 2.343967, 2021-06-22T03:19:42.274Z
2086, 755864, 2.467904, 2021-06-22T03:19:57.275Z
2052, 755760, 2.508450, 2021-06-22T03:20:12.276Z
2086, 759214, 2.478842, 2021-06-22T03:20:27.277Z
2086, 758970, 2.478045, 2021-06-22T03:20:42.327Z
2060, 757558, 2.504653, 2021-06-22T03:20:57.280Z
2084, 755486, 2.469037, 2021-06-22T03:21:12.280Z
2086, 755064, 2.465292, 2021-06-22T03:21:27.280Z
2058, 754928, 2.498383, 2021-06-22T03:21:42.281Z
2110, 755264, 2.437896, 2021-06-22T03:21:57.399Z
2086, 755660, 2.467238, 2021-06-22T03:22:12.283Z
2126, 757588, 2.426994, 2021-06-22T03:22:27.284Z
2062, 757118, 2.500770, 2021-06-22T03:22:42.285Z
2130, 755352, 2.415287, 2021-06-22T03:22:57.293Z
2128, 757996, 2.426019, 2021-06-22T03:23:12.287Z
2202, 754830, 2.334698, 2021-06-22T03:23:27.291Z
2088, 756260, 2.466832, 2021-06-22T03:23:42.288Z
2083, 758912, 2.481425, 2021-06-22T03:23:57.289Z
2062, 758592, 2.505639, 2021-06-22T03:24:12.290Z
2064, 758142, 2.501726, 2021-06-22T03:24:27.291Z
2066, 755414, 2.490311, 2021-06-22T03:24:42.552Z
2172, 755370, 2.368639, 2021-06-22T03:24:57.293Z
2058, 755658, 2.500799, 2021-06-22T03:25:12.293Z
2194, 755770, 2.346129, 2021-06-22T03:25:27.294Z
2072, 758254, 2.492435, 2021-06-22T03:25:42.295Z
2088, 759080, 2.476030, 2021-06-22T03:25:57.426Z
2126, 755116, 2.419075, 2021-06-22T03:26:12.300Z
2064, 756514, 2.496354, 2021-06-22T03:26:27.300Z
2082, 758710, 2.481956, 2021-06-22T03:26:42.301Z
2130, 755356, 2.415299, 2021-06-22T03:26:57.301Z
2130, 754726, 2.413285, 2021-06-22T03:27:12.309Z
2172, 757418, 2.375061, 2021-06-22T03:27:27.326Z
2088, 757626, 2.471288, 2021-06-22T03:27:42.364Z
2066, 756198, 2.492896, 2021-06-22T03:27:57.372Z
2174, 756714, 2.370670, 2021-06-22T03:28:12.378Z
2194, 755646, 2.345744, 2021-06-22T03:28:27.389Z
2062, 758812, 2.506366, 2021-06-22T03:28:42.307Z
2174, 756480, 2.369937, 2021-06-22T03:28:57.310Z
2090, 756862, 2.466433, 2021-06-22T03:29:12.314Z
2082, 756102, 2.473424, 2021-06-22T03:29:27.308Z
2208, 759068, 2.341426, 2021-06-22T03:29:42.318Z
2064, 758266, 2.502135, 2021-06-22T03:29:57.310Z
2084, 755648, 2.469567, 2021-06-22T03:30:12.324Z
2084, 756906, 2.473678, 2021-06-22T03:30:27.312Z
2088, 758714, 2.474837, 2021-06-22T03:30:42.314Z
2126, 756482, 2.423451, 2021-06-22T03:30:57.318Z
2130, 754774, 2.413439, 2021-06-22T03:31:12.327Z
2172, 757522, 2.375387, 2021-06-22T03:31:27.316Z
2174, 758572, 2.376491, 2021-06-22T03:31:42.316Z
2176, 755272, 2.363978, 2021-06-22T03:31:57.422Z
2166, 756242, 2.377942, 2021-06-22T03:32:12.319Z
2176, 758496, 2.374069, 2021-06-22T03:32:27.319Z
2088, 755232, 2.463479, 2021-06-22T03:32:42.321Z
2020, 755756, 2.548174, 2021-06-22T03:32:57.327Z
2074, 758080, 2.489460, 2021-06-22T03:33:12.348Z
2184, 755872, 2.357190, 2021-06-22T03:33:27.323Z
2072, 755912, 2.484737, 2021-06-22T03:33:42.323Z
2198, 758320, 2.349761, 2021-06-22T03:33:57.342Z
2085, 755090, 2.466559, 2021-06-22T03:34:12.369Z
2062, 758946, 2.506808, 2021-06-22T03:34:27.359Z
2058, 758588, 2.510496, 2021-06-22T03:34:42.378Z
2130, 757838, 2.423236, 2021-06-22T03:34:57.380Z
2130, 758154, 2.424246, 2021-06-22T03:35:12.402Z
2090, 757372, 2.468095, 2021-06-22T03:35:27.467Z
2090, 755164, 2.460900, 2021-06-22T03:35:42.330Z
2090, 755636, 2.462438, 2021-06-22T03:35:57.331Z
2088, 755562, 2.464555, 2021-06-22T03:36:12.341Z
2092, 755314, 2.459035, 2021-06-22T03:36:27.333Z
2106, 755464, 2.443173, 2021-06-22T03:36:42.336Z
2142, 756278, 2.404700, 2021-06-22T03:36:57.334Z
2084, 754984, 2.467396, 2021-06-22T03:37:12.335Z
2184, 757220, 2.361393, 2021-06-22T03:37:27.336Z
2092, 755410, 2.459348, 2021-06-22T03:37:42.337Z
2094, 757060, 2.462366, 2021-06-22T03:37:57.338Z
2068, 756448, 2.491308, 2021-06-22T03:38:12.339Z
2178, 759150, 2.373934, 2021-06-22T03:38:27.340Z
2074, 758104, 2.489539, 2021-06-22T03:38:42.341Z
2134, 756732, 2.415164, 2021-06-22T03:38:57.341Z
2132, 755622, 2.413883, 2021-06-22T03:39:12.342Z
2084, 755150, 2.467939, 2021-06-22T03:39:27.356Z
2086, 755542, 2.466853, 2021-06-22T03:39:42.344Z
2204, 757002, 2.339292, 2021-06-22T03:39:57.351Z
2180, 758804, 2.370675, 2021-06-22T03:40:12.346Z
2092, 756774, 2.463789, 2021-06-22T03:40:27.347Z
2212, 755658, 2.326693, 2021-06-22T03:40:42.352Z
2176, 755570, 2.364911, 2021-06-22T03:40:57.367Z
2198, 758958, 2.351738, 2021-06-22T03:41:12.420Z
2090, 755994, 2.463604, 2021-06-22T03:41:27.350Z
2111, 755480, 2.437438, 2021-06-22T03:41:42.355Z
2180, 757388, 2.366251, 2021-06-22T03:41:57.352Z
2092, 755954, 2.461119, 2021-06-22T03:42:12.364Z
2132, 755978, 2.415021, 2021-06-22T03:42:27.354Z
2204, 758930, 2.345249, 2021-06-22T03:42:42.357Z
2136, 758744, 2.419318, 2021-06-22T03:42:57.356Z
2136, 755922, 2.410320, 2021-06-22T03:43:13.036Z
2098, 758896, 2.463631, 2021-06-22T03:43:27.359Z
2092, 756560, 2.463092, 2021-06-22T03:43:42.371Z
2130, 758674, 2.425909, 2021-06-22T03:43:57.390Z
2180, 756018, 2.361971, 2021-06-22T03:44:12.404Z
2064, 755706, 2.493688, 2021-06-22T03:44:27.426Z
2091, 755720, 2.461534, 2021-06-22T03:44:42.451Z
2080, 757946, 2.481840, 2021-06-22T03:44:57.473Z
2202, 756694, 2.340464, 2021-06-22T03:45:12.437Z
2092, 758506, 2.469427, 2021-06-22T03:45:27.460Z
2094, 756460, 2.460414, 2021-06-22T03:45:42.479Z
2058, 758284, 2.509490, 2021-06-22T03:45:57.366Z
2202, 758462, 2.345932, 2021-06-22T03:46:12.367Z
2084, 757460, 2.475488, 2021-06-22T03:46:27.369Z
2208, 759044, 2.341352, 2021-06-22T03:46:42.369Z
2136, 758900, 2.419815, 2021-06-22T03:46:57.369Z
2136, 755474, 2.408891, 2021-06-22T03:47:12.372Z
2202, 755632, 2.337179, 2021-06-22T03:47:27.371Z
2092, 759934, 2.474077, 2021-06-22T03:47:42.377Z
2096, 759304, 2.467308, 2021-06-22T03:47:57.373Z
2180, 759678, 2.373406, 2021-06-22T03:48:12.386Z
2210, 759222, 2.339782, 2021-06-22T03:48:27.375Z
2204, 757402, 2.340528, 2021-06-22T03:48:42.399Z
2094, 756326, 2.459978, 2021-06-22T03:48:57.376Z
2098, 759346, 2.465092, 2021-06-22T03:49:12.387Z
2090, 755748, 2.462803, 2021-06-22T03:49:27.387Z
2088, 756906, 2.468939, 2021-06-22T03:49:42.379Z
2096, 758072, 2.463305, 2021-06-22T03:49:57.416Z
2095, 757594, 2.462926, 2021-06-22T03:50:12.381Z
2202, 756380, 2.339492, 2021-06-22T03:50:27.390Z
2096, 756392, 2.457845, 2021-06-22T03:50:42.382Z
2140, 755740, 2.405235, 2021-06-22T03:50:57.388Z
2138, 759652, 2.419947, 2021-06-22T03:51:12.385Z
2096, 756178, 2.457150, 2021-06-22T03:51:27.385Z
2116, 757270, 2.437440, 2021-06-22T03:51:42.386Z
2134, 759742, 2.424771, 2021-06-22T03:51:57.387Z
2165, 759724, 2.389994, 2021-06-22T03:52:12.399Z
2184, 756848, 2.360234, 2021-06-22T03:52:27.389Z
2090, 757562, 2.468714, 2021-06-22T03:52:42.390Z
2096, 756882, 2.459438, 2021-06-22T03:52:57.390Z
2098, 756060, 2.454425, 2021-06-22T03:53:12.391Z
2068, 756508, 2.491506, 2021-06-22T03:53:27.392Z
2092, 760266, 2.475157, 2021-06-22T03:53:42.394Z
2098, 759682, 2.466183, 2021-06-22T03:53:57.394Z
2212, 759034, 2.337088, 2021-06-22T03:54:12.395Z
2130, 759668, 2.429087, 2021-06-22T03:54:27.396Z
2084, 757412, 2.475332, 2021-06-22T03:54:42.401Z
2138, 755824, 2.407753, 2021-06-22T03:54:57.399Z
2090, 758116, 2.470520, 2021-06-22T03:55:12.405Z
2088, 758810, 2.475150, 2021-06-22T03:55:27.399Z
2142, 756318, 2.404827, 2021-06-22T03:55:57.401Z
2182, 759876, 2.371848, 2021-06-22T03:56:12.402Z
2204, 757804, 2.341770, 2021-06-22T03:56:27.403Z
2206, 758906, 2.343049, 2021-06-22T03:56:42.404Z
2100, 757612, 2.457120, 2021-06-22T03:56:57.404Z
2194, 756324, 2.347849, 2021-06-22T03:57:12.405Z
2078, 757156, 2.481640, 2021-06-22T03:57:27.414Z
2098, 756466, 2.455743, 2021-06-22T03:57:42.407Z
2098, 756860, 2.457022, 2021-06-22T03:57:57.436Z
2086, 757610, 2.473605, 2021-06-22T03:58:12.434Z
2078, 756584, 2.479765, 2021-06-22T03:58:27.411Z
2094, 756420, 2.460284, 2021-06-22T03:58:42.412Z
2142, 758294, 2.411110, 2021-06-22T03:58:57.411Z
2140, 756922, 2.408997, 2021-06-22T03:59:12.412Z
2084, 756674, 2.472920, 2021-06-22T03:59:27.413Z
2198, 758406, 2.350028, 2021-06-22T03:59:42.414Z
2092, 757162, 2.465052, 2021-06-22T03:59:57.415Z
2084, 757878, 2.476855, 2021-06-22T04:00:12.415Z
2094, 760426, 2.473314, 2021-06-22T04:00:27.417Z
2186, 757046, 2.358691, 2021-06-22T04:00:42.418Z
2094, 759524, 2.470380, 2021-06-22T04:00:57.421Z
2186, 757972, 2.361576, 2021-06-22T04:01:12.421Z
2078, 758298, 2.485383, 2021-06-22T04:01:27.420Z
2194, 759868, 2.358851, 2021-06-22T04:01:42.421Z
2100, 760908, 2.467810, 2021-06-22T04:01:57.422Z
2196, 759526, 2.355642, 2021-06-22T04:02:12.424Z
2082, 757094, 2.476669, 2021-06-22T04:02:27.424Z
2119, 758442, 2.437757, 2021-06-22T04:02:42.440Z
2140, 760346, 2.419894, 2021-06-22T04:02:57.426Z
2184, 759092, 2.367231, 2021-06-22T04:03:27.427Z
2082, 760686, 2.488420, 2021-06-22T04:03:42.464Z
2138, 758156, 2.415182, 2021-06-22T04:03:57.429Z
2096, 760928, 2.472585, 2021-06-22T04:04:12.432Z
2100, 760520, 2.466552, 2021-06-22T04:04:27.430Z
2088, 757132, 2.469676, 2021-06-22T04:04:42.431Z
2086, 757374, 2.472834, 2021-06-22T04:04:57.432Z
2078, 759794, 2.490286, 2021-06-22T04:05:12.438Z
2173, 757196, 2.373272, 2021-06-22T04:05:27.442Z
2138, 760234, 2.421801, 2021-06-22T04:05:42.435Z
2092, 760988, 2.477508, 2021-06-22T04:05:57.436Z
2210, 757910, 2.335739, 2021-06-22T04:06:12.437Z
2202, 756932, 2.341200, 2021-06-22T04:06:27.439Z
2186, 757398, 2.359787, 2021-06-22T04:06:42.438Z
2142, 757684, 2.409171, 2021-06-22T04:06:57.440Z
2142, 758504, 2.411778, 2021-06-22T04:07:12.440Z
2208, 757028, 2.335134, 2021-06-22T04:07:27.441Z
2098, 757556, 2.459281, 2021-06-22T04:07:42.452Z
2138, 759040, 2.417998, 2021-06-22T04:07:57.443Z
2204, 757240, 2.340027, 2021-06-22T04:08:12.448Z
2100, 760972, 2.468018, 2021-06-22T04:08:27.444Z
2100, 757742, 2.457542, 2021-06-22T04:08:42.445Z
2212, 758772, 2.336281, 2021-06-22T04:08:57.446Z
2210, 760214, 2.342839, 2021-06-22T04:09:12.447Z
2176, 757100, 2.369699, 2021-06-22T04:09:27.451Z
2076, 758166, 2.487344, 2021-06-22T04:09:42.449Z
2100, 761326, 2.469166, 2021-06-22T04:09:57.455Z
2204, 758050, 2.342530, 2021-06-22T04:10:12.469Z
2098, 758422, 2.462092, 2021-06-22T04:10:27.451Z
2142, 760376, 2.417730, 2021-06-22T04:10:57.453Z
2144, 758256, 2.408740, 2021-06-22T04:11:12.454Z
2208, 760618, 2.346208, 2021-06-22T04:11:27.455Z
2102, 760898, 2.465430, 2021-06-22T04:11:42.462Z
2142, 760814, 2.419123, 2021-06-22T04:11:57.457Z
2187, 758044, 2.360720, 2021-06-22T04:12:12.457Z
2094, 758224, 2.466151, 2021-06-22T04:12:27.458Z
2210, 761574, 2.347031, 2021-06-22T04:12:42.459Z
2188, 757938, 2.359312, 2021-06-22T04:12:57.460Z
2102, 758832, 2.458735, 2021-06-22T04:13:12.461Z
2188, 761262, 2.369659, 2021-06-22T04:13:27.462Z
2190, 760266, 2.364397, 2021-06-22T04:13:42.463Z
2200, 762558, 2.360745, 2021-06-22T04:13:57.463Z
2104, 757798, 2.453051, 2021-06-22T04:14:12.468Z
2104, 760354, 2.461325, 2021-06-22T04:14:27.465Z
2096, 757636, 2.461888, 2021-06-22T04:14:42.466Z
2144, 761802, 2.420005, 2021-06-22T04:14:57.467Z
2146, 759040, 2.408984, 2021-06-22T04:15:12.468Z
2204, 759592, 2.347295, 2021-06-22T04:15:27.469Z
2104, 758398, 2.454993, 2021-06-22T04:15:42.470Z
2092, 760256, 2.475125, 2021-06-22T04:15:57.471Z
2200, 758222, 2.347322, 2021-06-22T04:16:12.472Z
2136, 761286, 2.427423, 2021-06-22T04:16:27.472Z
2092, 760698, 2.476564, 2021-06-22T04:16:42.473Z
2092, 758720, 2.470124, 2021-06-22T04:16:57.475Z
2104, 760556, 2.461979, 2021-06-22T04:17:12.475Z
2142, 758792, 2.412694, 2021-06-22T04:17:27.479Z
2200, 760960, 2.355798, 2021-06-22T04:17:42.477Z
2102, 761720, 2.468093, 2021-06-22T04:17:57.478Z
2200, 759372, 2.350882, 2021-06-22T04:18:12.479Z
2096, 758224, 2.463798, 2021-06-22T04:18:27.480Z
2102, 760288, 2.463453, 2021-06-22T04:18:42.501Z
2146, 759810, 2.411427, 2021-06-22T04:18:57.510Z
2146, 760912, 2.414925, 2021-06-22T04:19:12.528Z
2196, 758662, 2.352962, 2021-06-22T04:19:27.483Z
2104, 760920, 2.463157, 2021-06-22T04:19:42.490Z
2204, 761764, 2.354007, 2021-06-22T04:19:57.489Z
2192, 760064, 2.361612, 2021-06-22T04:20:12.485Z
2208, 759796, 2.343672, 2021-06-22T04:20:27.486Z
2098, 759532, 2.465696, 2021-06-22T04:20:42.487Z
2104, 761466, 2.464925, 2021-06-22T04:20:57.489Z
2190, 758712, 2.359564, 2021-06-22T04:21:12.489Z
2214, 762400, 2.345331, 2021-06-22T04:21:27.493Z
2092, 758878, 2.470639, 2021-06-22T04:21:42.491Z
2096, 760386, 2.470824, 2021-06-22T04:21:57.491Z
2080, 761774, 2.494375, 2021-06-22T04:22:12.552Z
2200, 761072, 2.356145, 2021-06-22T04:22:27.559Z
2099, 760740, 2.468441, 2021-06-22T04:22:42.598Z
2144, 760812, 2.416860, 2021-06-22T04:22:57.495Z
2144, 759516, 2.412743, 2021-06-22T04:23:12.496Z
2104, 760146, 2.460652, 2021-06-22T04:23:27.497Z
2098, 760364, 2.468397, 2021-06-22T04:23:42.499Z
2202, 758206, 2.345140, 2021-06-22T04:23:57.571Z
2104, 758340, 2.454806, 2021-06-22T04:24:12.570Z
2104, 760466, 2.461688, 2021-06-22T04:24:27.567Z
2090, 761700, 2.482199, 2021-06-22T04:24:42.579Z
2188, 759268, 2.363451, 2021-06-22T04:24:57.605Z
2192, 762056, 2.367801, 2021-06-22T04:25:12.608Z
2130, 760438, 2.431550, 2021-06-22T04:25:27.504Z
2210, 758996, 2.339086, 2021-06-22T04:25:42.505Z
2106, 760336, 2.458930, 2021-06-22T04:25:57.506Z
2196, 759080, 2.354258, 2021-06-22T04:26:27.507Z
2104, 762208, 2.467327, 2021-06-22T04:26:42.508Z
2146, 759728, 2.411167, 2021-06-22T04:26:57.509Z
2148, 760642, 2.411820, 2021-06-22T04:27:12.521Z
2142, 761514, 2.421349, 2021-06-22T04:27:27.599Z
2210, 759840, 2.341687, 2021-06-22T04:27:42.597Z
2098, 762404, 2.475019, 2021-06-22T04:27:57.516Z
2210, 759550, 2.340793, 2021-06-22T04:28:12.513Z
2112, 762236, 2.458071, 2021-06-22T04:28:27.514Z
2102, 762642, 2.471081, 2021-06-22T04:28:42.607Z
2198, 761272, 2.358908, 2021-06-22T04:28:57.638Z
2086, 762624, 2.489976, 2021-06-22T04:29:12.645Z
2190, 760334, 2.364608, 2021-06-22T04:29:27.518Z
2144, 761910, 2.420348, 2021-06-22T04:29:42.520Z
2142, 760830, 2.419174, 2021-06-22T04:29:57.651Z
2146, 761924, 2.418137, 2021-06-22T04:30:12.540Z
2144, 762412, 2.421943, 2021-06-22T04:30:27.534Z
2116, 761658, 2.451564, 2021-06-22T04:30:42.535Z
2190, 763098, 2.373204, 2021-06-22T04:30:57.536Z
2092, 761440, 2.478979, 2021-06-22T04:31:12.536Z
2198, 759606, 2.353746, 2021-06-22T04:31:27.537Z
2204, 761126, 2.352036, 2021-06-22T04:31:42.548Z
2080, 759944, 2.488383, 2021-06-22T04:31:57.603Z
2092, 760932, 2.477326, 2021-06-22T04:32:12.527Z
2102, 760208, 2.463194, 2021-06-22T04:32:27.528Z
2185, 761434, 2.373448, 2021-06-22T04:32:42.529Z
2192, 763202, 2.371362, 2021-06-22T04:32:57.549Z
2098, 760604, 2.469176, 2021-06-22T04:33:12.531Z
2196, 759018, 2.354066, 2021-06-22T04:33:27.532Z
2106, 761428, 2.462461, 2021-06-22T04:33:42.613Z
2202, 763398, 2.361199, 2021-06-22T04:33:57.533Z
2148, 761686, 2.415131, 2021-06-22T04:34:12.536Z
2148, 758740, 2.405790, 2021-06-22T04:34:27.535Z
2098, 761290, 2.471403, 2021-06-22T04:34:42.536Z
2192, 759374, 2.359468, 2021-06-22T04:34:57.537Z
2144, 762294, 2.421568, 2021-06-22T04:35:12.538Z
2141, 762068, 2.424242, 2021-06-22T04:35:27.539Z
2096, 759604, 2.468282, 2021-06-22T04:35:42.540Z
2096, 761190, 2.473436, 2021-06-22T04:35:57.654Z
2204, 761304, 2.352586, 2021-06-22T04:36:12.541Z
2192, 760828, 2.363986, 2021-06-22T04:36:27.542Z
2090, 762248, 2.483985, 2021-06-22T04:36:42.543Z
2102, 763110, 2.472597, 2021-06-22T04:36:57.544Z
2106, 761446, 2.462519, 2021-06-22T04:37:12.545Z
2212, 762742, 2.348505, 2021-06-22T04:37:27.546Z
2100, 759642, 2.463704, 2021-06-22T04:37:42.546Z
2198, 759638, 2.353845, 2021-06-22T04:37:57.549Z
2160, 760898, 2.399229, 2021-06-22T04:38:12.548Z
2148, 759558, 2.408383, 2021-06-22T04:38:27.549Z
2188, 762402, 2.373207, 2021-06-22T04:38:42.550Z
2096, 761230, 2.473566, 2021-06-22T04:38:57.551Z
2104, 759920, 2.459920, 2021-06-22T04:39:12.552Z
2208, 762410, 2.351735, 2021-06-22T04:39:27.553Z
2102, 761750, 2.468190, 2021-06-22T04:39:42.553Z
2106, 762934, 2.467332, 2021-06-22T04:39:57.554Z
2108, 759622, 2.454290, 2021-06-22T04:40:12.555Z
2106, 761024, 2.461155, 2021-06-22T04:40:27.579Z
2090, 763990, 2.489662, 2021-06-22T04:40:42.577Z
2096, 763082, 2.479584, 2021-06-22T04:41:12.559Z
2100, 763088, 2.474880, 2021-06-22T04:41:27.559Z
2098, 760288, 2.468150, 2021-06-22T04:41:42.560Z
2212, 760696, 2.342205, 2021-06-22T04:41:57.566Z
2146, 763996, 2.424713, 2021-06-22T04:42:12.562Z
2146, 761296, 2.416143, 2021-06-22T04:42:27.563Z
2106, 762218, 2.465016, 2021-06-22T04:42:42.564Z
2100, 760938, 2.467907, 2021-06-22T04:42:57.595Z
2190, 762784, 2.372228, 2021-06-22T04:43:12.600Z
2192, 762232, 2.368348, 2021-06-22T04:43:27.618Z
2106, 762936, 2.467338, 2021-06-22T04:43:42.630Z
2198, 760672, 2.357049, 2021-06-22T04:43:57.651Z
2150, 760146, 2.408005, 2021-06-22T04:44:12.650Z
2198, 764012, 2.367399, 2021-06-22T04:44:27.712Z
2106, 761238, 2.461847, 2021-06-22T04:44:42.571Z
2192, 761674, 2.366614, 2021-06-22T04:44:57.572Z
2098, 761260, 2.471305, 2021-06-22T04:45:12.572Z
2190, 764788, 2.378460, 2021-06-22T04:45:27.573Z
2204, 762534, 2.356387, 2021-06-22T04:45:42.575Z
2104, 760940, 2.463222, 2021-06-22T04:45:57.575Z
2166, 760806, 2.392293, 2021-06-22T04:46:12.576Z
2148, 760864, 2.412524, 2021-06-22T04:46:27.619Z
2102, 760808, 2.465138, 2021-06-22T04:46:42.613Z
2200, 761176, 2.356467, 2021-06-22T04:46:57.696Z
2089, 761867, 2.483932, 2021-06-22T04:47:12.634Z
2108, 764356, 2.469585, 2021-06-22T04:47:27.649Z
2106, 764460, 2.472267, 2021-06-22T04:47:42.676Z
2150, 761254, 2.411515, 2021-06-22T04:47:57.582Z
2196, 764082, 2.369772, 2021-06-22T04:48:27.584Z
2212, 761360, 2.344249, 2021-06-22T04:48:42.586Z
2108, 763104, 2.465540, 2021-06-22T04:48:57.586Z
2090, 764252, 2.490515, 2021-06-22T04:49:12.587Z
2092, 761668, 2.479722, 2021-06-22T04:49:27.588Z
2098, 764892, 2.483096, 2021-06-22T04:49:42.588Z
2148, 764804, 2.425017, 2021-06-22T04:49:57.766Z
2150, 761190, 2.411313, 2021-06-22T04:50:12.590Z
2150, 763994, 2.420195, 2021-06-22T04:50:27.591Z
2210, 761068, 2.345471, 2021-06-22T04:50:42.592Z
2098, 761286, 2.471390, 2021-06-22T04:50:57.593Z
2110, 761192, 2.457031, 2021-06-22T04:51:13.393Z
2110, 761542, 2.458161, 2021-06-22T04:51:27.594Z
2104, 763272, 2.470771, 2021-06-22T04:51:42.595Z
2164, 762796, 2.400767, 2021-06-22T04:51:57.596Z
2106, 762382, 2.465546, 2021-06-22T04:52:12.601Z
2108, 763830, 2.467886, 2021-06-22T04:52:27.598Z
2194, 765090, 2.375061, 2021-06-22T04:52:42.599Z
2096, 761874, 2.475659, 2021-06-22T04:52:57.600Z
2129, 761126, 2.434893, 2021-06-22T04:53:12.601Z
2110, 761088, 2.456695, 2021-06-22T04:53:27.611Z
2210, 763032, 2.351524, 2021-06-22T04:53:42.716Z
2118, 764802, 2.459359, 2021-06-22T04:53:57.672Z
2150, 761506, 2.412314, 2021-06-22T04:54:12.697Z
2150, 761450, 2.412136, 2021-06-22T04:54:27.693Z
2148, 765244, 2.426412, 2021-06-22T04:54:42.729Z
2114, 764266, 2.462286, 2021-06-22T04:54:57.607Z
2112, 762024, 2.457388, 2021-06-22T04:55:12.607Z
2196, 762390, 2.364524, 2021-06-22T04:55:27.608Z
2202, 765216, 2.366822, 2021-06-22T04:55:42.609Z
2204, 764380, 2.362091, 2021-06-22T04:55:57.610Z
2110, 764384, 2.467335, 2021-06-22T04:56:12.611Z
2183, 761458, 2.375697, 2021-06-22T04:56:27.612Z
2198, 763362, 2.365385, 2021-06-22T04:56:42.613Z
2102, 765008, 2.478747, 2021-06-22T04:56:57.614Z
2148, 761846, 2.415638, 2021-06-22T04:57:12.615Z
2112, 762400, 2.458600, 2021-06-22T04:57:27.615Z
2150, 764756, 2.422609, 2021-06-22T04:57:42.618Z
2204, 763608, 2.359705, 2021-06-22T04:57:57.617Z
2152, 763938, 2.417769, 2021-06-22T04:58:12.618Z
2168, 761372, 2.391864, 2021-06-22T04:58:27.619Z
2198, 761738, 2.360353, 2021-06-22T04:58:42.620Z
2196, 764478, 2.371000, 2021-06-22T04:58:57.635Z
2110, 764796, 2.468664, 2021-06-22T04:59:12.622Z
2198, 763364, 2.365391, 2021-06-22T04:59:27.622Z
2096, 765612, 2.487805, 2021-06-22T04:59:42.636Z
2198, 764584, 2.369171, 2021-06-22T04:59:57.624Z
2112, 762286, 2.458232, 2021-06-22T05:00:12.628Z
2160, 764626, 2.410983, 2021-06-22T05:00:27.626Z
2112, 765530, 2.468694, 2021-06-22T05:00:42.627Z
2114, 762572, 2.456828, 2021-06-22T05:00:57.972Z
2135, 761744, 2.430021, 2021-06-22T05:01:12.637Z
2210, 761268, 2.346088, 2021-06-22T05:01:27.630Z
2110, 764670, 2.468258, 2021-06-22T05:01:42.630Z
2112, 764634, 2.465804, 2021-06-22T05:01:57.633Z
2164, 763772, 2.403839, 2021-06-22T05:02:12.632Z
2154, 763138, 2.412994, 2021-06-22T05:02:27.637Z
2198, 761960, 2.361040, 2021-06-22T05:02:42.634Z
2116, 762780, 2.455175, 2021-06-22T05:02:57.634Z
2108, 762296, 2.462929, 2021-06-22T05:03:12.652Z
2196, 765354, 2.373717, 2021-06-22T05:03:27.645Z
2114, 765688, 2.466867, 2021-06-22T05:03:42.646Z
2077, 765578, 2.510452, 2021-06-22T05:03:57.641Z
2114, 765808, 2.467254, 2021-06-22T05:04:12.652Z
2204, 762630, 2.356683, 2021-06-22T05:04:27.653Z
2204, 762554, 2.356448, 2021-06-22T05:04:42.681Z
2112, 764632, 2.465798, 2021-06-22T05:04:57.641Z
2494, 761812, 2.080416, 2021-06-22T05:05:12.642Z
2210, 762810, 2.350840, 2021-06-22T05:05:27.644Z
2154, 765136, 2.419312, 2021-06-22T05:05:42.661Z
2200, 765678, 2.370404, 2021-06-22T05:05:57.645Z
2152, 763630, 2.416794, 2021-06-22T05:06:12.646Z
2154, 763110, 2.412906, 2021-06-22T05:06:27.651Z
2108, 763982, 2.468377, 2021-06-22T05:06:42.648Z
2102, 764974, 2.478637, 2021-06-22T05:06:57.648Z
2210, 764956, 2.357453, 2021-06-22T05:07:12.650Z
2109, 763558, 2.465837, 2021-06-22T05:07:27.650Z
2112, 762580, 2.459181, 2021-06-22T05:07:42.655Z
2210, 763916, 2.354248, 2021-06-22T05:07:57.659Z
2104, 765956, 2.479459, 2021-06-22T05:08:12.661Z
2210, 765722, 2.359814, 2021-06-22T05:08:27.718Z
2114, 763850, 2.460946, 2021-06-22T05:08:42.722Z
2106, 764010, 2.470811, 2021-06-22T05:08:57.707Z
2108, 762962, 2.465081, 2021-06-22T05:09:12.720Z
2188, 764448, 2.379576, 2021-06-22T05:09:27.741Z
2114, 761722, 2.454090, 2021-06-22T05:09:42.762Z
2198, 762056, 2.361338, 2021-06-22T05:09:57.810Z
2154, 762212, 2.410066, 2021-06-22T05:10:12.660Z
2154, 763340, 2.413633, 2021-06-22T05:10:27.663Z
2152, 762828, 2.414256, 2021-06-22T05:10:42.675Z
2108, 763060, 2.465398, 2021-06-22T05:10:57.663Z
2202, 764990, 2.366123, 2021-06-22T05:11:12.663Z
2208, 762708, 2.352654, 2021-06-22T05:11:27.851Z
2152, 763252, 2.415598, 2021-06-22T05:11:42.665Z
2114, 766240, 2.468646, 2021-06-22T05:11:57.666Z
2204, 762564, 2.356479, 2021-06-22T05:12:12.667Z
2114, 764906, 2.464348, 2021-06-22T05:12:27.698Z
2106, 763602, 2.469492, 2021-06-22T05:12:42.669Z
2114, 763486, 2.459773, 2021-06-22T05:12:57.771Z
2114, 765178, 2.465224, 2021-06-22T05:13:12.785Z
2110, 765548, 2.471092, 2021-06-22T05:13:27.809Z
2108, 763494, 2.466800, 2021-06-22T05:13:42.801Z
2200, 766206, 2.372039, 2021-06-22T05:13:57.676Z
2158, 762024, 2.405006, 2021-06-22T05:14:12.685Z
2154, 765528, 2.420552, 2021-06-22T05:14:27.707Z
2198, 763298, 2.365186, 2021-06-22T05:14:42.707Z
2146, 763864, 2.424294, 2021-06-22T05:14:57.676Z
2198, 766154, 2.374036, 2021-06-22T05:15:12.677Z
2112, 766384, 2.471448, 2021-06-22T05:15:27.678Z
2114, 763002, 2.458214, 2021-06-22T05:15:42.679Z
2114, 762502, 2.456603, 2021-06-22T05:15:57.705Z
2106, 764834, 2.473476, 2021-06-22T05:16:12.681Z
2185, 766776, 2.390100, 2021-06-22T05:16:27.683Z
2114, 762656, 2.457099, 2021-06-22T05:16:42.687Z
2108, 762454, 2.463440, 2021-06-22T05:16:57.694Z
2204, 763098, 2.358130, 2021-06-22T05:17:12.707Z
2114, 763100, 2.458529, 2021-06-22T05:17:27.716Z
2200, 763526, 2.363742, 2021-06-22T05:17:42.725Z
2108, 764826, 2.471104, 2021-06-22T05:17:57.826Z
2156, 765426, 2.417984, 2021-06-22T05:18:12.687Z
2156, 766074, 2.420031, 2021-06-22T05:18:27.689Z
2195, 764128, 2.370994, 2021-06-22T05:18:42.689Z
2114, 764330, 2.462492, 2021-06-22T05:18:57.690Z
2110, 766206, 2.473216, 2021-06-22T05:19:12.756Z
2114, 765618, 2.466642, 2021-06-22T05:19:27.693Z
2100, 767034, 2.487678, 2021-06-22T05:19:42.699Z
2116, 762910, 2.455594, 2021-06-22T05:19:57.705Z
2202, 762976, 2.359894, 2021-06-22T05:20:12.695Z
2200, 762318, 2.360002, 2021-06-22T05:20:27.696Z
2124, 764466, 2.451335, 2021-06-22T05:20:42.698Z
2114, 765898, 2.467544, 2021-06-22T05:20:57.701Z
2106, 765312, 2.475022, 2021-06-22T05:21:12.698Z
2210, 765550, 2.359284, 2021-06-22T05:21:27.701Z
2154, 765470, 2.420368, 2021-06-22T05:21:42.700Z
2110, 766752, 2.474978, 2021-06-22T05:21:57.732Z
2172, 766820, 2.404543, 2021-06-22T05:22:12.724Z
2156, 767092, 2.423247, 2021-06-22T05:22:27.757Z
2130, 764098, 2.443253, 2021-06-22T05:22:42.769Z
2150, 762660, 2.415969, 2021-06-22T05:22:57.773Z
2114, 762782, 2.457505, 2021-06-22T05:23:12.705Z
2116, 766070, 2.465765, 2021-06-22T05:23:27.706Z
2200, 766402, 2.372646, 2021-06-22T05:23:42.707Z
2212, 765434, 2.356794, 2021-06-22T05:23:57.708Z
2204, 763210, 2.358475, 2021-06-22T05:24:12.738Z
2112, 764052, 2.463927, 2021-06-22T05:24:27.759Z
2108, 763262, 2.466050, 2021-06-22T05:24:42.773Z
2150, 766580, 2.428387, 2021-06-22T05:24:57.849Z
2111, 767388, 2.475858, 2021-06-22T05:25:12.814Z
2114, 764152, 2.461919, 2021-06-22T05:25:27.862Z
2114, 764028, 2.461519, 2021-06-22T05:25:42.818Z
2156, 763926, 2.413245, 2021-06-22T05:26:12.808Z
2156, 763060, 2.410510, 2021-06-22T05:26:27.894Z
2200, 765600, 2.370163, 2021-06-22T05:26:42.851Z
2116, 765592, 2.464227, 2021-06-22T05:26:57.718Z
2162, 766012, 2.413119, 2021-06-22T05:27:12.719Z
2204, 763798, 2.360293, 2021-06-22T05:27:27.721Z
2106, 766722, 2.479582, 2021-06-22T05:27:42.721Z
2061, 763940, 2.524528, 2021-06-22T05:27:57.725Z
2116, 767766, 2.471224, 2021-06-22T05:28:12.723Z
2200, 763774, 2.364510, 2021-06-22T05:28:27.793Z
2204, 765912, 2.366825, 2021-06-22T05:28:42.798Z
2185, 765404, 2.385823, 2021-06-22T05:28:57.884Z
2116, 764780, 2.461613, 2021-06-22T05:29:12.726Z
2200, 767476, 2.375971, 2021-06-22T05:29:27.733Z
2204, 765870, 2.366696, 2021-06-22T05:29:42.730Z
2106, 765012, 2.474052, 2021-06-22T05:29:57.729Z
2156, 765436, 2.418015, 2021-06-22T05:30:12.729Z
2156, 763636, 2.412329, 2021-06-22T05:30:27.732Z
2110, 766036, 2.472667, 2021-06-22T05:30:42.731Z
2116, 763964, 2.458987, 2021-06-22T05:30:57.735Z
2114, 765206, 2.465314, 2021-06-22T05:31:12.747Z
2152, 765478, 2.422643, 2021-06-22T05:31:27.749Z
2200, 767660, 2.376540, 2021-06-22T05:31:42.735Z
2108, 767618, 2.480124, 2021-06-22T05:31:57.737Z
2212, 766076, 2.358770, 2021-06-22T05:32:12.737Z
2154, 764850, 2.418407, 2021-06-22T05:32:27.740Z
2212, 764582, 2.354170, 2021-06-22T05:32:42.738Z
2114, 767558, 2.472892, 2021-06-22T05:32:57.768Z
2210, 763754, 2.353749, 2021-06-22T05:33:12.742Z
2202, 767962, 2.375316, 2021-06-22T05:33:27.741Z
2202, 764736, 2.365338, 2021-06-22T05:33:42.742Z
2115, 768070, 2.473372, 2021-06-22T05:33:57.743Z
2158, 765376, 2.415585, 2021-06-22T05:34:12.743Z
2154, 766232, 2.422777, 2021-06-22T05:34:27.748Z
2195, 768172, 2.383542, 2021-06-22T05:34:42.746Z
2114, 764414, 2.462763, 2021-06-22T05:34:57.757Z
2118, 767812, 2.469038, 2021-06-22T05:35:12.747Z
2212, 766980, 2.361554, 2021-06-22T05:35:27.752Z
2208, 765100, 2.360033, 2021-06-22T05:35:43.745Z
2162, 767976, 2.419306, 2021-06-22T05:35:57.750Z
2106, 765104, 2.474349, 2021-06-22T05:36:12.752Z
2142, 764150, 2.429730, 2021-06-22T05:36:27.752Z
2200, 766328, 2.372416, 2021-06-22T05:36:42.752Z
2116, 768128, 2.472389, 2021-06-22T05:36:57.759Z
2118, 764844, 2.459494, 2021-06-22T05:37:12.754Z
2113, 764450, 2.464044, 2021-06-22T05:37:27.780Z
2118, 766198, 2.463848, 2021-06-22T05:37:42.794Z
2116, 764774, 2.461594, 2021-06-22T05:37:57.757Z
2158, 765002, 2.414405, 2021-06-22T05:38:12.758Z
2160, 766484, 2.416842, 2021-06-22T05:38:27.762Z
2120, 765852, 2.460412, 2021-06-22T05:38:42.760Z
2118, 768942, 2.472672, 2021-06-22T05:38:57.763Z
2118, 769120, 2.473244, 2021-06-22T05:39:12.761Z
2206, 768588, 2.372941, 2021-06-22T05:39:27.764Z
2112, 769068, 2.480103, 2021-06-22T05:39:42.798Z
2118, 768416, 2.470981, 2021-06-22T05:39:57.802Z
2120, 766666, 2.463027, 2021-06-22T05:40:12.765Z
2204, 766350, 2.368179, 2021-06-22T05:40:27.765Z
2118, 765412, 2.461321, 2021-06-22T05:40:42.769Z
2118, 767324, 2.467469, 2021-06-22T05:40:57.896Z
2204, 766240, 2.367839, 2021-06-22T05:41:12.866Z
2208, 766838, 2.365394, 2021-06-22T05:41:27.906Z
2176, 765336, 2.395478, 2021-06-22T05:41:42.887Z
2178, 765604, 2.394116, 2021-06-22T05:41:57.922Z
2160, 765364, 2.413311, 2021-06-22T05:42:12.891Z
2160, 765884, 2.414950, 2021-06-22T05:42:27.773Z
2120, 768758, 2.469748, 2021-06-22T05:42:42.773Z
2120, 768424, 2.468675, 2021-06-22T05:42:57.891Z
2150, 769542, 2.437770, 2021-06-22T05:43:12.870Z
2106, 768300, 2.484685, 2021-06-22T05:43:27.776Z
2120, 767146, 2.464570, 2021-06-22T05:43:42.777Z
2210, 766322, 2.361663, 2021-06-22T05:43:57.778Z
2088, 767090, 2.502158, 2021-06-22T05:44:12.779Z
2208, 769326, 2.373068, 2021-06-22T05:44:27.779Z
2206, 768818, 2.373652, 2021-06-22T05:44:42.780Z
2206, 765800, 2.364334, 2021-06-22T05:44:57.785Z
2110, 767720, 2.478103, 2021-06-22T05:45:12.782Z
2206, 767036, 2.368150, 2021-06-22T05:45:27.783Z
2114, 768160, 2.474832, 2021-06-22T05:45:42.791Z
2130, 766838, 2.452014, 2021-06-22T05:45:57.785Z
2162, 768168, 2.419911, 2021-06-22T05:46:12.821Z
2160, 767694, 2.420657, 2021-06-22T05:46:27.787Z
2122, 767188, 2.462382, 2021-06-22T05:46:42.790Z
2206, 769654, 2.376232, 2021-06-22T05:46:57.790Z
2120, 770318, 2.474760, 2021-06-22T05:47:12.794Z
2126, 767188, 2.457749, 2021-06-22T05:47:27.796Z
2075, 768782, 2.523388, 2021-06-22T05:47:42.793Z
2124, 770244, 2.469862, 2021-06-22T05:47:57.792Z
2150, 767278, 2.430598, 2021-06-22T05:48:12.794Z
2122, 768992, 2.468172, 2021-06-22T05:48:27.827Z
2124, 770432, 2.470465, 2021-06-22T05:48:42.794Z
2122, 767798, 2.464339, 2021-06-22T05:48:57.796Z
2460, 767928, 2.126103, 2021-06-22T05:49:12.807Z
2208, 771150, 2.378695, 2021-06-22T05:49:27.798Z
2210, 768692, 2.368967, 2021-06-22T05:49:42.798Z
2119, 768806, 2.471068, 2021-06-22T05:49:57.799Z
2166, 771852, 2.427027, 2021-06-22T05:50:12.823Z
2164, 768992, 2.420268, 2021-06-22T05:50:27.801Z
2208, 770342, 2.376202, 2021-06-22T05:50:42.811Z
2118, 769794, 2.475412, 2021-06-22T05:50:57.943Z
2116, 771558, 2.483429, 2021-06-22T05:51:12.803Z
2210, 768658, 2.368862, 2021-06-22T05:51:27.804Z
2207, 770898, 2.378995, 2021-06-22T05:51:42.806Z
2212, 770724, 2.373082, 2021-06-22T05:51:57.806Z
2126, 770156, 2.467257, 2021-06-22T05:52:12.812Z
2124, 772388, 2.476737, 2021-06-22T05:52:27.808Z
2152, 772490, 2.444835, 2021-06-22T05:52:42.833Z
2212, 769856, 2.370409, 2021-06-22T05:52:57.809Z
2210, 768810, 2.369331, 2021-06-22T05:53:12.810Z
2122, 771660, 2.476735, 2021-06-22T05:53:27.812Z
2124, 772298, 2.476449, 2021-06-22T05:53:42.814Z
2128, 771056, 2.467818, 2021-06-22T05:53:57.818Z
2166, 773444, 2.432032, 2021-06-22T05:54:12.813Z
2168, 773110, 2.428740, 2021-06-22T05:54:27.815Z
2212, 770114, 2.371203, 2021-06-22T05:54:42.815Z
2166, 773000, 2.430636, 2021-06-22T05:54:57.816Z
2126, 773252, 2.477175, 2021-06-22T05:55:12.817Z
2212, 771786, 2.376351, 2021-06-22T05:55:27.822Z
2126, 773318, 2.477386, 2021-06-22T05:55:42.826Z
2126, 770050, 2.466917, 2021-06-22T05:55:57.820Z
2154, 772646, 2.443058, 2021-06-22T05:56:27.822Z
2126, 774934, 2.482563, 2021-06-22T05:56:42.823Z
2128, 773492, 2.475615, 2021-06-22T05:56:58.488Z
2073, 771718, 2.535469, 2021-06-22T05:57:12.842Z
2216, 773048, 2.375941, 2021-06-22T05:57:27.888Z
2224, 771080, 2.361367, 2021-06-22T05:57:42.861Z
2246, 774844, 2.349651, 2021-06-22T05:57:57.915Z
2126, 774170, 2.480116, 2021-06-22T05:58:12.923Z
2130, 773750, 2.474116, 2021-06-22T05:58:27.894Z
2214, 771564, 2.373522, 2021-06-22T05:58:42.877Z
2216, 773448, 2.377170, 2021-06-22T05:58:58.175Z
2214, 771430, 2.373110, 2021-06-22T05:59:12.857Z
2071, 773380, 2.543383, 2021-06-22T05:59:27.904Z
2128, 771660, 2.469752, 2021-06-22T05:59:42.925Z
2166, 773504, 2.432221, 2021-06-22T05:59:57.925Z
2214, 773126, 2.378327, 2021-06-22T06:00:12.957Z
2154, 774682, 2.449496, 2021-06-22T06:00:27.901Z
2130, 773154, 2.472210, 2021-06-22T06:00:42.904Z
2154, 773478, 2.445689, 2021-06-22T06:00:57.948Z
2130, 775786, 2.480626, 2021-06-22T06:01:12.838Z
2218, 772712, 2.372767, 2021-06-22T06:01:27.840Z
2172, 772762, 2.423175, 2021-06-22T06:01:43.253Z
2172, 775404, 2.431460, 2021-06-22T06:01:57.844Z
2132, 773176, 2.469961, 2021-06-22T06:02:12.842Z
2218, 772858, 2.373215, 2021-06-22T06:02:27.857Z
2168, 772722, 2.427521, 2021-06-22T06:02:42.847Z
2130, 773468, 2.473214, 2021-06-22T06:02:57.844Z
2128, 772844, 2.473541, 2021-06-22T06:03:12.849Z
2218, 772562, 2.372306, 2021-06-22T06:03:27.847Z
2218, 773100, 2.373958, 2021-06-22T06:03:57.847Z
2132, 774216, 2.473283, 2021-06-22T06:04:12.848Z
2160, 777312, 2.450984, 2021-06-22T06:04:27.862Z
2218, 776938, 2.385743, 2021-06-22T06:04:42.850Z
2134, 774228, 2.471004, 2021-06-22T06:04:57.899Z
2132, 773372, 2.470587, 2021-06-22T06:05:12.901Z
2126, 775566, 2.484588, 2021-06-22T06:05:27.885Z
2174, 775798, 2.430458, 2021-06-22T06:05:42.894Z
2174, 775050, 2.428114, 2021-06-22T06:05:57.945Z
2132, 775970, 2.478886, 2021-06-22T06:06:12.957Z
2132, 775856, 2.478522, 2021-06-22T06:06:27.987Z
2520, 776978, 2.099941, 2021-06-22T06:06:42.890Z
2220, 778160, 2.387343, 2021-06-22T06:06:57.866Z
2164, 776304, 2.443281, 2021-06-22T06:07:12.859Z
2163, 776704, 2.445670, 2021-06-22T06:07:27.869Z
2178, 775098, 2.423805, 2021-06-22T06:07:42.861Z
2174, 778420, 2.438672, 2021-06-22T06:07:57.900Z
2132, 778388, 2.486611, 2021-06-22T06:08:12.862Z
2222, 778700, 2.386850, 2021-06-22T06:08:27.863Z
2138, 777240, 2.475976, 2021-06-22T06:08:42.864Z
2220, 775962, 2.380600, 2021-06-22T06:08:57.865Z
2148, 776890, 2.463339, 2021-06-22T06:09:12.866Z
2132, 776968, 2.482075, 2021-06-22T06:09:27.887Z
2176, 778434, 2.436474, 2021-06-22T06:09:42.874Z
2174, 777854, 2.436899, 2021-06-22T06:09:57.973Z
2222, 778424, 2.386003, 2021-06-22T06:10:13.032Z
2136, 775566, 2.472956, 2021-06-22T06:10:27.870Z
2222, 775292, 2.376404, 2021-06-22T06:10:42.871Z
2190, 778908, 2.422373, 2021-06-22T06:10:57.872Z
2174, 776194, 2.431698, 2021-06-22T06:11:12.873Z
2224, 779306, 2.386559, 2021-06-22T06:11:27.874Z
2224, 779622, 2.387527, 2021-06-22T06:11:42.875Z
2130, 777036, 2.484623, 2021-06-22T06:11:57.901Z
2165, 777244, 2.445110, 2021-06-22T06:12:12.886Z
2168, 778460, 2.445547, 2021-06-22T06:12:27.897Z
2168, 780376, 2.451566, 2021-06-22T06:12:42.884Z
2224, 776262, 2.377237, 2021-06-22T06:12:57.879Z
2224, 777642, 2.381463, 2021-06-22T06:13:12.880Z
2224, 780560, 2.390399, 2021-06-22T06:13:27.882Z
2180, 777914, 2.430379, 2021-06-22T06:13:42.881Z
2180, 778384, 2.431848, 2021-06-22T06:13:58.378Z
2220, 781006, 2.396074, 2021-06-22T06:14:12.885Z
2219, 779854, 2.393618, 2021-06-22T06:14:27.922Z
2224, 778102, 2.382872, 2021-06-22T06:14:42.912Z
2138, 780900, 2.487635, 2021-06-22T06:14:57.958Z
2224, 780264, 2.389493, 2021-06-22T06:15:12.978Z
2184, 780590, 2.434273, 2021-06-22T06:15:28.679Z
2224, 780984, 2.391697, 2021-06-22T06:15:42.953Z
2224, 778492, 2.384066, 2021-06-22T06:15:57.980Z
2170, 778336, 2.442903, 2021-06-22T06:16:13.039Z
2228, 780750, 2.386688, 2021-06-22T06:16:28.011Z
2176, 778972, 2.438158, 2021-06-22T06:16:42.893Z
2224, 780242, 2.389425, 2021-06-22T06:16:57.893Z
2226, 781456, 2.390993, 2021-06-22T06:17:13.412Z
2224, 778058, 2.382737, 2021-06-22T06:17:27.895Z
2182, 779446, 2.432934, 2021-06-22T06:17:42.895Z
2150, 780960, 2.473941, 2021-06-22T06:17:57.898Z
2146, 778310, 2.470141, 2021-06-22T06:18:12.911Z
2228, 778400, 2.379505, 2021-06-22T06:18:27.998Z
2160, 779360, 2.457442, 2021-06-22T06:18:43.065Z
2178, 781404, 2.443524, 2021-06-22T06:18:57.902Z
2162, 780316, 2.458180, 2021-06-22T06:19:12.913Z
2087, 778516, 2.540645, 2021-06-22T06:19:27.903Z
2012, 779132, 2.637436, 2021-06-22T06:19:42.916Z
2226, 781396, 2.390809, 2021-06-22T06:19:57.903Z
2140, 781098, 2.485940, 2021-06-22T06:20:12.904Z
2144, 782546, 2.485902, 2021-06-22T06:20:27.905Z
2228, 781010, 2.387483, 2021-06-22T06:20:42.919Z
2152, 779816, 2.468020, 2021-06-22T06:20:58.012Z
2140, 779310, 2.480250, 2021-06-22T06:21:13.046Z
2228, 783112, 2.393909, 2021-06-22T06:21:28.015Z
2186, 782964, 2.439442, 2021-06-22T06:21:43.061Z
2190, 783168, 2.435621, 2021-06-22T06:21:57.940Z
2146, 783150, 2.485502, 2021-06-22T06:22:12.951Z
2146, 783414, 2.486340, 2021-06-22T06:22:27.967Z
2230, 780744, 2.384530, 2021-06-22T06:22:43.011Z
2230, 781058, 2.385489, 2021-06-22T06:22:57.985Z
2146, 780150, 2.475981, 2021-06-22T06:23:12.915Z
2144, 780838, 2.480476, 2021-06-22T06:23:27.916Z
2232, 780866, 2.382765, 2021-06-22T06:23:42.927Z
2226, 784540, 2.400429, 2021-06-22T06:23:57.917Z
2230, 781970, 2.388274, 2021-06-22T06:24:12.918Z
2232, 782970, 2.389185, 2021-06-22T06:24:27.919Z
2146, 784262, 2.489031, 2021-06-22T06:24:43.359Z
2232, 781938, 2.386036, 2021-06-22T06:24:57.921Z
2144, 783590, 2.489218, 2021-06-22T06:25:12.922Z
2186, 784352, 2.443767, 2021-06-22T06:25:27.923Z
2188, 781452, 2.432506, 2021-06-22T06:25:42.923Z
2188, 781362, 2.432226, 2021-06-22T06:25:57.924Z
2234, 784946, 2.393071, 2021-06-22T06:26:12.925Z
