created_at,entry_id,field1,field2,field3,field4,latitude,longitude,elevation,status
2023-02-16T14:00:24-06:00,1,16633.33203,5103533.00000,0.91043,-0.75000,,,,
2023-02-16T14:02:32-06:00,2,15699.99902,5118950.00000,0.96747,-0.75000,,,,
2023-02-16T14:04:40-06:00,3,15733.33301,5145133.00000,0.97036,-0.75000,,,,
2023-02-16T14:06:47-06:00,4,16049.99902,5270416.50000,0.97437,-0.50000,,,,
2023-02-16T14:08:55-06:00,5,15099.99902,5188350.00000,1.01955,-0.50000,,,,
2023-02-16T14:11:03-06:00,6,14866.66602,5193416.50000,1.03656,-0.75000,,,,
2023-02-16T14:13:11-06:00,7,14866.66602,5205100.00000,1.03889,-1.00000,,,,
2023-02-16T14:15:18-06:00,8,14616.66602,5190283.00000,1.05365,-1.00000,,,,
2023-02-16T14:17:26-06:00,9,14716.66602,5192450.00000,1.04693,-1.00000,,,,
2023-02-16T14:19:34-06:00,10,13916.66602,5189100.00000,1.10640,-1.25000,,,,
2023-02-16T14:21:41-06:00,11,14166.66602,5179350.00000,1.08483,-1.25000,,,,
2023-02-16T14:23:49-06:00,12,13699.99902,5179233.00000,1.12176,-1.25000,,,,
2023-02-16T14:25:57-06:00,13,14016.66602,5171333.00000,1.09474,-1.25000,,,,
2023-02-16T14:28:05-06:00,14,13949.99902,5191600.00000,1.10429,-1.50000,,,,
2023-02-16T14:30:12-06:00,15,13583.33301,5176433.00000,1.13078,-1.75000,,,,
2023-02-16T14:32:20-06:00,16,13699.99902,5178500.00000,1.12160,-2.00000,,,,
2023-02-16T14:34:28-06:00,17,13749.99902,5169000.00000,1.11547,-2.50000,,,,
2023-02-16T14:36:36-06:00,18,13466.66602,5158566.50000,1.13664,-2.00000,,,,
2023-02-16T14:38:43-06:00,19,13549.99902,5166700.00000,1.13143,-2.75000,,,,
2023-02-16T14:40:51-06:00,20,13383.33301,5158083.00000,1.14361,-3.00000,,,,
2023-02-16T14:42:59-06:00,21,13449.99902,5140133.00000,1.13398,-3.00000,,,,
2023-02-16T14:45:07-06:00,22,13099.99902,5144383.00000,1.16524,-3.50000,,,,
2023-02-16T14:47:15-06:00,23,13533.33301,5161166.50000,1.13161,-3.75000,,,,
2023-02-16T14:49:22-06:00,24,13399.99902,5159916.50000,1.14260,-4.00000,,,,
2023-02-16T14:51:30-06:00,25,12866.66602,5155566.50000,1.18895,-4.25000,,,,
2023-02-16T14:53:38-06:00,26,13416.66602,5162583.00000,1.14177,-4.75000,,,,
2023-02-16T14:55:45-06:00,27,12999.99902,5123183.00000,1.16937,-5.25000,,,,
2023-02-16T14:57:53-06:00,28,12800.00000,5112183.00000,1.18509,-6.00000,,,,
2023-02-16T15:00:01-06:00,29,13083.33301,5111416.50000,1.15925,-6.50000,,,,
2023-02-16T15:02:09-06:00,30,13049.99902,5101600.00000,1.15998,-7.00000,,,,
2023-02-16T15:04:16-06:00,31,12650.00000,5101066.50000,1.19654,-8.00000,,,,
2023-02-16T15:06:24-06:00,32,12666.66602,5092750.00000,1.19301,-9.00000,,,,
2023-02-16T15:08:32-06:00,33,12800.00000,5097533.00000,1.18169,-9.50000,,,,
2023-02-16T15:10:40-06:00,34,12516.66602,5091500.00000,1.20701,-10.25000,,,,
2023-02-16T15:12:47-06:00,35,12250.00000,5082333.00000,1.23107,-10.50000,,,,
2023-02-16T15:14:55-06:00,36,12883.33301,5078783.00000,1.16973,-11.00000,,,,
2023-02-16T15:17:03-06:00,37,12383.33301,5067783.00000,1.21433,-11.25000,,,,
2023-02-16T15:19:11-06:00,38,12700.00000,5070216.50000,1.18462,-11.75000,,,,
2023-02-16T15:21:18-06:00,39,12716.66602,5062583.00000,1.18128,-12.00000,,,,
2023-02-16T15:23:26-06:00,40,12266.66602,5061233.00000,1.22429,-12.25000,,,,
2023-02-16T15:25:34-06:00,41,11983.33301,5050983.00000,1.25070,-12.75000,,,,
2023-02-16T15:27:42-06:00,42,12066.66602,4989783.00000,1.22701,-13.00000,,,,
2023-02-16T15:29:49-06:00,43,12283.33301,5047516.50000,1.21932,-13.25000,,,,
2023-02-16T15:31:57-06:00,44,12183.33301,5047400.00000,1.22930,-13.50000,,,,
2023-02-16T15:34:05-06:00,45,11550.00000,5042566.50000,1.29546,-13.50000,,,,
2023-02-16T15:36:13-06:00,46,11733.33301,5049883.00000,1.27707,-13.75000,,,,
2023-02-16T15:38:20-06:00,47,11900.00000,5026933.00000,1.25346,-14.00000,,,,
2023-02-16T15:40:28-06:00,48,11750.00000,5002933.00000,1.26340,-14.25000,,,,
2023-02-16T15:42:36-06:00,49,11850.00000,4999533.00000,1.25189,-14.50000,,,,
2023-02-16T15:44:43-06:00,50,12250.00000,4994750.00000,1.20985,-14.75000,,,,
2023-02-16T15:46:51-06:00,51,12000.00000,4993516.50000,1.23475,-15.00000,,,,
2023-02-16T15:48:59-06:00,52,11900.00000,4989800.00000,1.24420,-15.25000,,,,
2023-02-16T15:51:07-06:00,53,12300.00000,4988533.00000,1.20344,-15.25000,,,,
2023-02-16T15:53:14-06:00,54,12366.66602,4988650.00000,1.19698,-15.75000,,,,
2023-02-16T15:55:22-06:00,55,11883.33301,4988583.00000,1.24564,-15.75000,,,,
2023-02-16T15:57:30-06:00,56,12200.00000,4981566.50000,1.21161,-16.00000,,,,
2023-02-16T15:59:38-06:00,57,11866.66602,4965700.00000,1.24167,-15.75000,,,,
2023-02-16T16:01:45-06:00,58,11666.66602,4980133.00000,1.26663,-16.00000,,,,
2023-02-16T16:03:53-06:00,59,12233.33301,4979300.00000,1.20775,-16.00000,,,,
2023-02-16T16:06:01-06:00,60,11816.66602,4981166.50000,1.25081,-16.25000,,,,
2023-02-16T16:08:09-06:00,61,11900.00000,4979116.50000,1.24154,-16.50000,,,,
2023-02-16T16:10:16-06:00,62,11616.66602,4977066.50000,1.27130,-16.75000,,,,
2023-02-16T16:12:24-06:00,63,11633.33301,4970816.50000,1.26788,-16.75000,,,,
2023-02-16T16:14:32-06:00,64,11683.33301,4980266.50000,1.26486,-16.75000,,,,
2023-02-16T16:16:39-06:00,65,12216.66602,4979650.00000,1.20949,-16.75000,,,,
2023-02-16T16:18:47-06:00,66,12033.33301,4977783.00000,1.22745,-16.75000,,,,
2023-02-16T16:20:55-06:00,67,11816.66602,4981233.00000,1.25083,-17.00000,,,,
2023-02-16T16:23:03-06:00,68,11750.00000,4977366.50000,1.25695,-17.00000,,,,
2023-02-16T16:25:11-06:00,69,11650.00000,4962283.00000,1.26389,-17.00000,,,,
2023-02-16T16:27:18-06:00,70,11833.33301,4948550.00000,1.24087,-17.00000,,,,
2023-02-16T16:29:26-06:00,71,12016.66602,4948400.00000,1.22190,-17.25000,,,,
2023-02-16T16:31:34-06:00,72,11316.66602,4970750.00000,1.30334,-17.25000,,,,
2023-02-16T16:33:41-06:00,73,11800.00000,4949516.50000,1.24462,-17.25000,,,,
2023-02-16T16:35:49-06:00,74,12000.00000,4950516.50000,1.22412,-17.25000,,,,
2023-02-16T16:37:57-06:00,75,11766.66602,4944066.50000,1.24677,-17.50000,,,,
2023-02-16T16:40:05-06:00,76,11766.66602,4951266.50000,1.24858,-17.50000,,,,
2023-02-16T16:42:12-06:00,77,11600.00000,4949616.50000,1.26610,-17.75000,,,,
2023-02-16T16:44:20-06:00,78,11483.33301,4950433.00000,1.27918,-17.75000,,,,
2023-02-16T16:46:28-06:00,79,11650.00000,4943316.50000,1.25906,-18.00000,,,,
2023-02-16T16:48:36-06:00,80,11300.00000,4952083.00000,1.30036,-18.25000,,,,
2023-02-16T16:50:43-06:00,81,11766.66602,4950583.00000,1.24841,-18.25000,,,,
2023-02-16T16:52:51-06:00,82,12116.66602,4955600.00000,1.21358,-18.50000,,,,
2023-02-16T16:54:59-06:00,83,11800.00000,4951500.00000,1.24512,-18.50000,,,,
2023-02-16T16:57:06-06:00,84,12100.00000,4951766.50000,1.21431,-18.50000,,,,
2023-02-16T16:59:14-06:00,85,12016.66602,4949900.00000,1.22227,-18.50000,,,,
2023-02-16T17:01:22-06:00,86,11650.00000,4941516.50000,1.25860,-18.50000,,,,
2023-02-16T17:03:30-06:00,87,12133.33301,4940600.00000,1.20824,-18.50000,,,,
2023-02-16T17:05:37-06:00,88,11683.33301,4952466.50000,1.25779,-18.25000,,,,
2023-02-16T17:07:45-06:00,89,11233.33301,4944416.50000,1.30606,-18.25000,,,,
2023-02-16T17:09:53-06:00,90,12116.66602,4933550.00000,1.20818,-18.25000,,,,
2023-02-16T17:12:01-06:00,91,11750.00000,4931283.00000,1.24531,-18.50000,,,,
2023-02-16T17:14:08-06:00,92,11750.00000,4931666.50000,1.24541,-18.50000,,,,
2023-02-16T17:16:16-06:00,93,11666.66602,4926650.00000,1.25303,-18.50000,,,,
2023-02-16T17:18:24-06:00,94,11666.66602,4941216.50000,1.25673,-18.75000,,,,
2023-02-16T17:20:31-06:00,95,11316.66602,4929866.50000,1.29262,-18.75000,,,,
2023-02-16T17:22:39-06:00,96,11816.66602,4939616.50000,1.24038,-18.75000,,,,
2023-02-16T17:24:47-06:00,97,11566.66602,4938616.50000,1.26693,-18.75000,,,,
2023-02-16T17:26:55-06:00,98,11733.33301,4938483.00000,1.24890,-18.75000,,,,
2023-02-16T17:29:02-06:00,99,11616.66602,4933366.50000,1.26013,-18.75000,,,,
2023-02-16T17:31:10-06:00,100,11683.33301,4942950.00000,1.25538,-19.00000,,,,
2023-02-16T17:33:18-06:00,101,11733.33301,4941300.00000,1.24961,-18.75000,,,,
2023-02-16T17:35:28-06:00,102,11366.66602,4941866.50000,1.29007,-19.00000,,,,
2023-02-16T17:37:36-06:00,103,11266.66602,4919850.00000,1.29572,-19.00000,,,,
2023-02-16T17:39:43-06:00,104,11750.00000,4969750.00000,1.25502,-19.00000,,,,
2023-02-16T17:41:51-06:00,105,12016.66602,5020783.00000,1.23977,-19.00000,,,,
2023-02-16T17:43:59-06:00,106,12016.66602,4940900.00000,1.22005,-19.00000,,,,
2023-02-16T17:46:07-06:00,107,11750.00000,4951233.00000,1.25035,-19.00000,,,,
2023-02-16T17:48:14-06:00,108,11500.00000,4941416.50000,1.27500,-19.00000,,,,
2023-02-16T17:50:22-06:00,109,11916.66602,4942350.00000,1.23065,-18.75000,,,,
2023-02-16T17:52:30-06:00,110,11633.33301,4920600.00000,1.25507,-19.00000,,,,
2023-02-16T17:54:38-06:00,111,11700.00000,4910983.00000,1.24548,-18.75000,,,,
2023-02-16T17:56:45-06:00,112,11633.33301,4919500.00000,1.25479,-19.00000,,,,
2023-02-16T17:58:53-06:00,113,11833.33301,4925500.00000,1.23509,-19.00000,,,,
2023-02-16T18:01:01-06:00,114,11600.00000,4915166.50000,1.25729,-19.00000,,,,
2023-02-16T18:03:09-06:00,115,11633.33301,4926916.50000,1.25668,-19.00000,,,,
2023-02-16T18:05:16-06:00,116,11966.66602,4939466.50000,1.22479,-19.00000,,,,
2023-02-16T18:07:24-06:00,117,12016.66602,5001283.00000,1.23496,-19.25000,,,,
2023-02-16T18:09:32-06:00,118,11616.66602,4920300.00000,1.25680,-19.25000,,,,
2023-02-16T18:11:40-06:00,119,11883.33301,4932000.00000,1.23152,-19.25000,,,,
2023-02-16T18:13:47-06:00,120,11950.00000,4929733.00000,1.22408,-19.25000,,,,
2023-02-16T18:15:55-06:00,121,11300.00000,4929783.00000,1.29451,-19.25000,,,,
2023-02-16T18:18:03-06:00,122,11666.66602,4932400.00000,1.25449,-19.25000,,,,
2023-02-16T18:20:11-06:00,123,11566.66602,4929366.50000,1.26456,-19.25000,,,,
2023-02-16T18:22:18-06:00,124,11683.33301,4930866.50000,1.25231,-19.25000,,,,
2023-02-16T18:24:26-06:00,125,11716.66602,4930033.00000,1.24854,-19.25000,,,,
2023-02-16T18:26:34-06:00,126,11983.33301,4927500.00000,1.22012,-19.00000,,,,
2023-02-16T18:28:42-06:00,127,11700.00000,4929416.50000,1.25016,-19.25000,,,,
2023-02-16T18:30:49-06:00,128,11650.00000,4931000.00000,1.25593,-19.25000,,,,
2023-02-16T18:32:57-06:00,129,11783.33301,4932883.00000,1.24219,-19.25000,,,,
2023-02-16T18:35:05-06:00,130,12033.33301,4941900.00000,1.21861,-19.25000,,,,
2023-02-16T18:37:12-06:00,131,12033.33301,4851633.00000,1.19635,-19.00000,,,,
2023-02-16T18:39:20-06:00,132,11933.33301,4909433.00000,1.22074,-19.25000,,,,
2023-02-16T18:41:28-06:00,133,11400.00000,4911133.00000,1.27830,-19.25000,,,,
2023-02-16T18:43:36-06:00,134,11100.00000,4911516.50000,1.31295,-19.25000,,,,
2023-02-16T18:45:43-06:00,135,11466.66602,4910600.00000,1.27073,-19.25000,,,,
2023-02-16T18:47:51-06:00,136,11116.66602,4923616.50000,1.31421,-19.25000,,,,
2023-02-16T18:49:59-06:00,137,11650.00000,4912416.50000,1.25119,-19.25000,,,,
2023-02-16T18:52:07-06:00,138,11750.00000,4908266.50000,1.23950,-19.25000,,,,
2023-02-16T18:54:14-06:00,139,11616.66602,4916400.00000,1.25580,-19.50000,,,,
2023-02-16T18:56:22-06:00,140,11600.00000,4919100.00000,1.25830,-19.50000,,,,
2023-02-16T18:58:30-06:00,141,11650.00000,4910850.00000,1.25079,-19.50000,,,,
2023-02-16T19:00:38-06:00,142,11283.33301,4919416.50000,1.29369,-19.50000,,,,
2023-02-16T19:02:45-06:00,143,11283.33301,4920400.00000,1.29395,-19.50000,,,,
2023-02-16T19:04:53-06:00,144,11700.00000,4917233.00000,1.24707,-19.50000,,,,
2023-02-16T19:07:01-06:00,145,11066.66602,4920500.00000,1.31931,-19.50000,,,,
2023-02-16T19:09:08-06:00,146,11750.00000,4920366.50000,1.24255,-19.50000,,,,
2023-02-16T19:11:16-06:00,147,11616.66602,4930083.00000,1.25930,-19.50000,,,,
2023-02-16T19:13:24-06:00,148,11583.33301,4930150.00000,1.26294,-19.50000,,,,
2023-02-16T19:15:32-06:00,149,11600.00000,4930716.50000,1.26127,-19.50000,,,,
2023-02-16T19:17:39-06:00,150,11916.66602,4921266.50000,1.22540,-19.50000,,,,
2023-02-16T19:19:47-06:00,151,11466.66602,4928766.50000,1.27543,-19.25000,,,,
2023-02-16T19:21:55-06:00,152,11200.00000,4909183.00000,1.30061,-19.25000,,,,
2023-02-16T19:24:03-06:00,153,12016.66602,4909250.00000,1.21223,-19.25000,,,,
2023-02-16T19:26:10-06:00,154,11650.00000,4916583.00000,1.25225,-19.25000,,,,
2023-02-16T19:28:18-06:00,155,11283.33301,4909900.00000,1.29119,-19.50000,,,,
2023-02-16T19:30:26-06:00,156,11350.00000,4911533.00000,1.28403,-19.50000,,,,
2023-02-16T19:32:33-06:00,157,11350.00000,4910033.00000,1.28364,-19.50000,,,,
2023-02-16T19:34:41-06:00,158,11683.33301,4911683.00000,1.24744,-19.50000,,,,
2023-02-16T19:36:49-06:00,159,11766.66602,4909716.50000,1.23811,-19.50000,,,,
2023-02-16T19:38:57-06:00,160,11433.33301,4909700.00000,1.27420,-19.50000,,,,
2023-02-16T19:41:04-06:00,161,11283.33301,4919816.50000,1.29380,-19.50000,,,,
2023-02-16T19:43:12-06:00,162,11616.66602,4909300.00000,1.25399,-19.50000,,,,
2023-02-16T19:45:20-06:00,163,11383.33301,4916766.50000,1.28164,-19.25000,,,,
2023-02-16T19:47:28-06:00,164,11766.66602,4920016.50000,1.24070,-19.50000,,,,
2023-02-16T19:49:35-06:00,165,11666.66602,4919833.00000,1.25129,-19.25000,,,,
2023-02-16T19:51:43-06:00,166,11633.33301,4921833.00000,1.25539,-19.50000,,,,
2023-02-16T19:53:51-06:00,167,11466.66602,4919216.50000,1.27296,-19.50000,,,,
2023-02-16T19:55:58-06:00,168,11366.66602,4922400.00000,1.28499,-19.50000,,,,
2023-02-16T19:58:06-06:00,169,12000.00000,4920250.00000,1.21664,-19.25000,,,,
2023-02-16T20:00:14-06:00,170,11966.66602,4931550.00000,1.22283,-19.25000,,,,
2023-02-16T20:02:22-06:00,171,11766.66602,4909366.50000,1.23802,-19.25000,,,,
2023-02-16T20:04:29-06:00,172,11633.33301,4900150.00000,1.24986,-19.25000,,,,
2023-02-16T20:06:37-06:00,173,11666.66602,4900266.50000,1.24632,-19.25000,,,,
2023-02-16T20:08:45-06:00,174,11666.66602,4908666.50000,1.24845,-19.25000,,,,
2023-02-16T20:10:53-06:00,175,11633.33301,4910550.00000,1.25251,-19.25000,,,,
2023-02-16T20:13:00-06:00,176,11650.00000,4901983.00000,1.24854,-19.25000,,,,
2023-02-16T20:15:08-06:00,177,11916.66602,4911433.00000,1.22295,-19.50000,,,,
2023-02-16T20:17:16-06:00,178,11966.66602,4909783.00000,1.21743,-19.50000,,,,
2023-02-16T20:19:23-06:00,179,12016.66602,4902583.00000,1.21059,-19.50000,,,,
2023-02-16T20:21:31-06:00,180,11550.00000,4908000.00000,1.26089,-19.50000,,,,
2023-02-16T20:23:39-06:00,181,11633.33301,4917533.00000,1.25429,-19.25000,,,,
2023-02-16T20:25:47-06:00,182,12050.00000,4904533.00000,1.20772,-19.25000,,,,
2023-02-16T20:27:54-06:00,183,11800.00000,4939500.00000,1.24210,-19.50000,,,,
2023-02-16T20:30:02-06:00,184,11966.66602,4948383.00000,1.22700,-19.50000,,,,
2023-02-16T20:32:10-06:00,185,11600.00000,4908950.00000,1.25570,-19.25000,,,,
2023-02-16T20:34:18-06:00,186,11166.66602,4983566.50000,1.32426,-19.50000,,,,
2023-02-16T20:36:25-06:00,187,11300.00000,4922250.00000,1.29253,-19.50000,,,,
2023-02-16T20:38:33-06:00,188,11600.00000,4924033.00000,1.25956,-19.50000,,,,
2023-02-16T20:40:41-06:00,189,11366.66602,4922733.00000,1.28507,-19.50000,,,,
2023-02-16T20:42:49-06:00,190,11500.00000,4919416.50000,1.26932,-19.25000,,,,
2023-02-16T20:44:56-06:00,191,11600.00000,4898650.00000,1.25306,-19.25000,,,,
2023-02-16T20:47:04-06:00,192,11666.66602,4901650.00000,1.24667,-19.50000,,,,
2023-02-16T20:49:12-06:00,193,11350.00000,4899100.00000,1.28078,-19.50000,,,,
2023-02-16T20:51:20-06:00,194,11766.66602,4901216.50000,1.23596,-19.50000,,,,
2023-02-16T20:53:27-06:00,195,12050.00000,4898500.00000,1.20623,-19.50000,,,,
2023-02-16T20:55:35-06:00,196,11216.66602,4908916.50000,1.29860,-19.50000,,,,
2023-02-16T20:57:43-06:00,197,11916.66602,4910433.00000,1.22270,-19.50000,,,,
2023-02-16T20:59:51-06:00,198,11350.00000,4909733.00000,1.28356,-19.50000,,,,
2023-02-16T21:01:58-06:00,199,11766.66602,4909133.00000,1.23796,-19.50000,,,,
2023-02-16T21:04:06-06:00,200,11416.66602,4907450.00000,1.27547,-19.50000,,,,
2023-02-16T21:06:14-06:00,201,11833.33301,4911083.00000,1.23147,-19.50000,,,,
2023-02-16T21:08:22-06:00,202,11416.66602,4872150.00000,1.26630,-19.50000,,,,
2023-02-16T21:10:29-06:00,203,11266.66602,4850483.00000,1.27745,-19.50000,,,,
2023-02-16T21:12:37-06:00,204,11733.33301,4910400.00000,1.24180,-19.50000,,,,
2023-02-16T21:14:45-06:00,205,11416.66602,4911950.00000,1.27664,-19.50000,,,,
2023-02-16T21:16:52-06:00,206,11583.33301,4907933.00000,1.25725,-19.50000,,,,
2023-02-16T21:19:00-06:00,207,11283.33301,4914766.50000,1.29247,-19.50000,,,,
2023-02-16T21:21:08-06:00,208,11933.33301,4913300.00000,1.22171,-19.50000,,,,
2023-02-16T21:23:16-06:00,209,11533.33301,4913983.00000,1.26425,-19.50000,,,,
2023-02-16T21:25:23-06:00,210,11266.66602,4920383.00000,1.29586,-19.25000,,,,
2023-02-16T21:27:31-06:00,211,11316.66602,4912733.00000,1.28813,-19.50000,,,,
2023-02-16T21:29:39-06:00,212,11100.00000,4929483.00000,1.31775,-19.25000,,,,
2023-02-16T21:31:47-06:00,213,12066.66602,4899583.00000,1.20483,-19.25000,,,,
2023-02-16T21:33:54-06:00,214,11250.00000,4892500.00000,1.29043,-19.50000,,,,
2023-02-16T21:36:02-06:00,215,11433.33301,4841216.50000,1.25643,-19.50000,,,,
2023-02-16T21:38:10-06:00,216,11083.33301,4921050.00000,1.31748,-19.50000,,,,
2023-02-16T21:40:18-06:00,217,11400.00000,4845300.00000,1.26116,-19.50000,,,,
2023-02-16T21:42:25-06:00,218,11683.33301,4848533.00000,1.23140,-19.50000,,,,
2023-02-16T21:44:33-06:00,219,11350.00000,4908350.00000,1.28320,-19.50000,,,,
2023-02-16T21:46:41-06:00,220,11233.33301,4899150.00000,1.29410,-19.50000,,,,
2023-02-16T21:48:48-06:00,221,11900.00000,4906916.50000,1.22354,-19.50000,,,,
2023-02-16T21:50:56-06:00,222,11650.00000,4899466.50000,1.24789,-19.50000,,,,
2023-02-16T21:53:04-06:00,223,11666.66602,4901716.50000,1.24668,-19.50000,,,,
2023-02-16T21:55:12-06:00,224,11483.33301,4899533.00000,1.26602,-19.50000,,,,
2023-02-16T21:57:19-06:00,225,11783.33301,4911366.50000,1.23677,-19.50000,,,,
2023-02-16T21:59:27-06:00,226,11983.33301,4908583.00000,1.21544,-19.50000,,,,
2023-02-16T22:01:35-06:00,227,11750.00000,4920650.00000,1.24262,-19.50000,,,,
2023-02-16T22:03:43-06:00,228,11400.00000,4930133.00000,1.28324,-19.50000,,,,
2023-02-16T22:05:50-06:00,229,11900.00000,4929583.00000,1.22919,-19.50000,,,,
2023-02-16T22:07:58-06:00,230,11750.00000,4920133.00000,1.24249,-19.50000,,,,
2023-02-16T22:10:06-06:00,231,11066.66602,4920916.50000,1.31942,-19.25000,,,,
2023-02-16T22:12:14-06:00,232,11700.00000,4901633.00000,1.24311,-19.50000,,,,
2023-02-16T22:14:21-06:00,233,12016.66602,4900766.50000,1.21014,-19.50000,,,,
2023-02-16T22:16:29-06:00,234,11666.66602,4892783.00000,1.24441,-19.50000,,,,
2023-02-16T22:18:37-06:00,235,11666.66602,4906616.50000,1.24793,-19.50000,,,,
2023-02-16T22:20:45-06:00,236,11316.66602,4905566.50000,1.28625,-19.50000,,,,
2023-02-16T22:22:52-06:00,237,11850.00000,4901016.50000,1.22722,-19.50000,,,,
2023-02-16T22:25:00-06:00,238,11650.00000,4929266.50000,1.25548,-19.50000,,,,
2023-02-16T22:27:08-06:00,239,11200.00000,4897050.00000,1.29739,-19.50000,,,,
2023-02-16T22:29:15-06:00,240,11333.33301,4901133.00000,1.28320,-19.50000,,,,
2023-02-16T22:31:23-06:00,241,11700.00000,4903500.00000,1.24358,-19.50000,,,,
2023-02-16T22:33:31-06:00,242,11733.33301,4901883.00000,1.23964,-19.50000,,,,
2023-02-16T22:35:39-06:00,243,11233.33301,4901116.50000,1.29462,-19.50000,,,,
2023-02-16T22:37:47-06:00,244,11566.66602,4899633.00000,1.25693,-19.25000,,,,
2023-02-16T22:39:54-06:00,245,11750.00000,4901400.00000,1.23776,-19.50000,,,,
2023-02-16T22:42:02-06:00,246,11400.00000,4900333.00000,1.27549,-19.50000,,,,
2023-02-16T22:44:10-06:00,247,11233.33301,4900150.00000,1.29436,-19.50000,,,,
2023-02-16T22:46:18-06:00,248,11383.33301,4898583.00000,1.27690,-19.50000,,,,
2023-02-16T22:48:25-06:00,249,11066.66602,4902766.50000,1.31456,-19.25000,,,,
2023-02-16T22:50:33-06:00,250,11766.66602,4919366.50000,1.24054,-19.25000,,,,
2023-02-16T22:52:41-06:00,251,11716.66602,4936833.00000,1.25026,-19.25000,,,,
2023-02-16T22:54:48-06:00,252,11750.00000,4909566.50000,1.23982,-19.25000,,,,
2023-02-16T22:56:56-06:00,253,11316.66602,4918050.00000,1.28952,-19.25000,,,,
2023-02-16T22:59:04-06:00,254,11066.66602,4970800.00000,1.33280,-19.50000,,,,
2023-02-16T23:01:12-06:00,255,11350.00000,4880966.50000,1.27604,-19.50000,,,,
2023-02-16T23:03:19-06:00,256,11650.00000,4969383.00000,1.26570,-19.50000,,,,
2023-02-16T23:05:27-06:00,257,12116.66602,4889700.00000,1.19744,-19.50000,,,,
2023-02-16T23:07:35-06:00,258,11666.66602,4890050.00000,1.24372,-19.50000,,,,
2023-02-16T23:09:42-06:00,259,11900.00000,4890816.50000,1.21952,-19.50000,,,,
2023-02-16T23:11:50-06:00,260,11716.66602,4890616.50000,1.23855,-19.50000,,,,
2023-02-16T23:13:58-06:00,261,11933.33301,4898550.00000,1.21804,-19.50000,,,,
2023-02-16T23:16:06-06:00,262,11383.33301,4900850.00000,1.27749,-19.50000,,,,
2023-02-16T23:18:13-06:00,263,11166.66602,4899700.00000,1.30197,-19.50000,,,,
2023-02-16T23:20:21-06:00,264,11250.00000,4899250.00000,1.29221,-19.50000,,,,
2023-02-16T23:22:29-06:00,265,11550.00000,4893250.00000,1.25710,-19.75000,,,,
2023-02-16T23:24:37-06:00,266,12016.66602,4901000.00000,1.21020,-19.50000,,,,
2023-02-16T23:26:44-06:00,267,11266.66602,4899900.00000,1.29047,-19.50000,,,,
2023-02-16T23:28:52-06:00,268,11450.00000,4899300.00000,1.26965,-19.50000,,,,
2023-02-16T23:31:00-06:00,269,11566.66602,4892066.50000,1.25499,-19.50000,,,,
2023-02-16T23:33:07-06:00,270,11383.33301,4910000.00000,1.27987,-19.50000,,,,
2023-02-16T23:35:15-06:00,271,11733.33301,4899366.50000,1.23901,-19.50000,,,,
2023-02-16T23:37:23-06:00,272,12000.00000,4900666.50000,1.21179,-19.50000,,,,
2023-02-16T23:39:31-06:00,273,11766.66602,4900616.50000,1.23581,-19.75000,,,,
2023-02-16T23:41:38-06:00,274,11833.33301,4910450.00000,1.23132,-19.50000,,,,
2023-02-16T23:43:46-06:00,275,11983.33301,4980066.50000,1.23314,-19.50000,,,,
2023-02-16T23:45:54-06:00,276,11200.00000,4913116.50000,1.30165,-19.50000,,,,
2023-02-16T23:48:02-06:00,277,11200.00000,4901783.00000,1.29865,-19.50000,,,,
2023-02-16T23:50:09-06:00,278,11666.66602,4889416.50000,1.24356,-19.25000,,,,
2023-02-16T23:52:17-06:00,279,11216.66602,4890716.50000,1.29379,-19.50000,,,,
2023-02-16T23:54:25-06:00,280,11700.00000,4919750.00000,1.24771,-19.50000,,,,
2023-02-16T23:56:32-06:00,281,11583.33301,4829983.00000,1.23728,-19.50000,,,,
2023-02-16T23:58:40-06:00,282,11266.66602,4889633.00000,1.28776,-19.50000,,,,
2023-02-17T00:00:48-06:00,283,11166.66602,4900366.50000,1.30215,-19.50000,,,,
2023-02-17T00:02:56-06:00,284,11083.33301,4890966.50000,1.30942,-19.50000,,,,
2023-02-17T00:05:03-06:00,285,11616.66602,4890100.00000,1.24908,-19.50000,,,,
2023-02-17T00:07:11-06:00,286,11866.66602,4889333.00000,1.22258,-19.50000,,,,
2023-02-17T00:09:19-06:00,287,11650.00000,4893216.50000,1.24630,-19.75000,,,,
2023-02-17T00:11:27-06:00,288,11733.33301,4893450.00000,1.23751,-19.75000,,,,
2023-02-17T00:13:34-06:00,289,11683.33301,4901116.50000,1.24475,-19.75000,,,,
2023-02-17T00:15:42-06:00,290,11600.00000,4899666.50000,1.25332,-19.50000,,,,
2023-02-17T00:17:50-06:00,291,11366.66602,4899533.00000,1.27902,-19.50000,,,,
2023-02-17T00:19:57-06:00,292,11300.00000,4941050.00000,1.29747,-19.75000,,,,
2023-02-17T00:22:05-06:00,293,11900.00000,4901366.50000,1.22215,-19.50000,,,,
2023-02-17T00:24:13-06:00,294,11566.66602,4900133.00000,1.25706,-19.75000,,,,
2023-02-17T00:26:21-06:00,295,11666.66602,4910983.00000,1.24904,-19.50000,,,,
2023-02-17T00:28:29-06:00,296,11100.00000,4900883.00000,1.31011,-19.50000,,,,
2023-02-17T00:30:36-06:00,297,12016.66602,4948900.00000,1.22202,-19.50000,,,,
2023-02-17T00:32:44-06:00,298,11700.00000,4900916.50000,1.24293,-19.25000,,,,
2023-02-17T00:34:52-06:00,299,11566.66602,4891966.50000,1.25496,-19.50000,,,,
2023-02-17T00:36:59-06:00,300,11550.00000,4882183.00000,1.25426,-19.50000,,,,
2023-02-17T00:39:07-06:00,301,11716.66602,4889233.00000,1.23820,-19.50000,,,,
2023-02-17T00:41:15-06:00,302,11600.00000,4900450.00000,1.25353,-19.50000,,,,
2023-02-17T00:43:23-06:00,303,11150.00000,4896983.00000,1.30319,-19.50000,,,,
2023-02-17T00:45:30-06:00,304,11200.00000,4899966.50000,1.29817,-19.50000,,,,
2023-02-17T00:47:38-06:00,305,11666.66602,4902000.00000,1.24676,-19.50000,,,,
2023-02-17T00:49:46-06:00,306,11516.66602,4900450.00000,1.26260,-19.50000,,,,
2023-02-17T00:51:54-06:00,307,11533.33301,4970950.00000,1.27891,-19.50000,,,,
2023-02-17T00:54:01-06:00,308,11833.33301,4902033.00000,1.22920,-19.50000,,,,
2023-02-17T00:56:09-06:00,309,11183.33301,4834016.50000,1.28260,-19.50000,,,,
2023-02-17T00:58:17-06:00,310,11916.66602,4930816.50000,1.22778,-19.50000,,,,
2023-02-17T01:00:25-06:00,311,11866.66602,4909850.00000,1.22771,-19.50000,,,,
2023-02-17T01:02:32-06:00,312,11250.00000,4899400.00000,1.29225,-19.50000,,,,
2023-02-17T01:04:40-06:00,313,11416.66602,4906766.50000,1.27530,-23.00000,,,,
2023-02-17T01:06:48-06:00,314,11616.66602,4903183.00000,1.25242,-19.50000,,,,
2023-02-17T01:08:55-06:00,315,11650.00000,4902533.00000,1.24868,-19.75000,,,,
2023-02-17T01:11:03-06:00,316,11633.33301,4904833.00000,1.25105,-19.50000,,,,
2023-02-17T01:13:11-06:00,317,11300.00000,4911250.00000,1.28964,-19.50000,,,,
2023-02-17T01:15:19-06:00,318,11550.00000,4900900.00000,1.25907,-19.50000,,,,
2023-02-17T01:17:26-06:00,319,11633.33301,4889600.00000,1.24717,-19.50000,,,,
2023-02-17T01:19:34-06:00,320,11516.66602,4888966.50000,1.25964,-19.50000,,,,
2023-02-17T01:21:42-06:00,321,11333.33301,4860850.00000,1.27265,-19.50000,,,,
2023-02-17T01:23:50-06:00,322,11783.33301,4891633.00000,1.23180,-19.50000,,,,
2023-02-17T01:25:57-06:00,323,11750.00000,4889983.00000,1.23488,-19.50000,,,,
2023-02-17T01:28:05-06:00,324,12116.66602,4922183.00000,1.20540,-19.50000,,,,
2023-02-17T01:30:13-06:00,325,11300.00000,4891416.50000,1.28443,-19.50000,,,,
2023-02-17T01:32:21-06:00,326,11616.66602,4896950.00000,1.25083,-19.75000,,,,
2023-02-17T01:34:28-06:00,327,11700.00000,4890966.50000,1.24041,-19.50000,,,,
2023-02-17T01:36:36-06:00,328,11083.33301,4890650.00000,1.30934,-19.75000,,,,
2023-02-17T01:38:44-06:00,329,11200.00000,4890333.00000,1.29561,-19.50000,,,,
2023-02-17T01:40:51-06:00,330,12033.33301,4969800.00000,1.22548,-19.75000,,,,
2023-02-17T01:42:59-06:00,331,11216.66602,4892550.00000,1.29427,-19.50000,,,,
2023-02-17T01:45:07-06:00,332,11333.33301,4896950.00000,1.28210,-19.50000,,,,
2023-02-17T01:47:15-06:00,333,11783.33301,4901100.00000,1.23419,-19.75000,,,,
2023-02-17T01:49:22-06:00,334,11583.33301,4898116.50000,1.25473,-19.75000,,,,
2023-02-17T01:51:30-06:00,335,11533.33301,4842600.00000,1.24589,-19.50000,,,,
2023-02-17T01:53:38-06:00,336,11483.33301,4899800.00000,1.26609,-19.50000,,,,
2023-02-17T01:55:46-06:00,337,11650.00000,4908933.00000,1.25031,-19.50000,,,,
2023-02-17T01:57:53-06:00,338,12000.00000,4850666.50000,1.19943,-19.50000,,,,
2023-02-17T02:00:01-06:00,339,12000.00000,4901800.00000,1.21207,-19.50000,,,,
2023-02-17T02:02:09-06:00,340,11266.66602,4861800.00000,1.28043,-19.50000,,,,
2023-02-17T02:04:17-06:00,341,11633.33301,4873633.00000,1.24309,-19.50000,,,,
2023-02-17T02:06:24-06:00,342,12000.00000,4861016.50000,1.20199,-19.50000,,,,
2023-02-17T02:08:32-06:00,343,12000.00000,4908850.00000,1.21382,-19.50000,,,,
2023-02-17T02:10:40-06:00,344,11600.00000,4863150.00000,1.24398,-19.50000,,,,
2023-02-17T02:12:48-06:00,345,11266.66602,4887950.00000,1.28732,-19.75000,,,,
2023-02-17T02:14:55-06:00,346,11283.33301,4911200.00000,1.29153,-19.50000,,,,
2023-02-17T02:17:03-06:00,347,11550.00000,4889766.50000,1.25621,-19.50000,,,,
2023-02-17T02:19:11-06:00,348,11633.33301,4893233.00000,1.24809,-19.75000,,,,
2023-02-17T02:21:19-06:00,349,11200.00000,4891016.50000,1.29579,-19.50000,,,,
2023-02-17T02:23:26-06:00,350,11633.33301,4920983.00000,1.25517,-19.50000,,,,
2023-02-17T02:25:34-06:00,351,11716.66602,4911716.50000,1.24390,-19.50000,,,,
2023-02-17T02:27:42-06:00,352,11833.33301,4891216.50000,1.22649,-19.75000,,,,
2023-02-17T02:29:50-06:00,353,12033.33301,4889333.00000,1.20564,-19.50000,,,,
2023-02-17T02:31:57-06:00,354,11983.33301,4899016.50000,1.21307,-19.75000,,,,
2023-02-17T02:34:05-06:00,355,11850.00000,4905983.00000,1.22846,-19.50000,,,,
2023-02-17T02:36:13-06:00,356,12066.66602,4901316.50000,1.20526,-19.50000,,,,
2023-02-17T02:38:21-06:00,357,11600.00000,4901133.00000,1.25370,-19.50000,,,,
2023-02-17T02:40:28-06:00,358,11716.66602,4904416.50000,1.24205,-19.50000,,,,
2023-02-17T02:42:36-06:00,359,11766.66602,4899600.00000,1.23556,-19.25000,,,,
2023-02-17T02:44:44-06:00,360,11616.66602,4930266.50000,1.25934,-19.50000,,,,
2023-02-17T02:46:51-06:00,361,11750.00000,4949916.50000,1.25001,-19.50000,,,,
2023-02-17T02:48:59-06:00,362,11266.66602,4889483.00000,1.28772,-19.50000,,,,
2023-02-17T02:51:07-06:00,363,11183.33301,4882733.00000,1.29553,-19.50000,,,,
2023-02-17T02:53:15-06:00,364,11516.66602,4890766.50000,1.26010,-19.50000,,,,
2023-02-17T02:55:22-06:00,365,11366.66602,4891583.00000,1.27694,-19.50000,,,,
2023-02-17T02:57:30-06:00,366,11983.33301,4883066.50000,1.20912,-19.50000,,,,
2023-02-17T02:59:38-06:00,367,11266.66602,4890300.00000,1.28794,-19.50000,,,,
2023-02-17T03:01:46-06:00,368,11950.00000,4883400.00000,1.21258,-19.75000,,,,
2023-02-17T03:03:53-06:00,369,11933.33301,4889566.50000,1.21580,-19.50000,,,,
2023-02-17T03:06:01-06:00,370,11900.00000,4892750.00000,1.22000,-19.50000,,,,
2023-02-17T03:08:09-06:00,371,11783.33301,4892066.50000,1.23191,-19.50000,,,,
2023-02-17T03:10:17-06:00,372,11066.66602,4889666.50000,1.31104,-19.50000,,,,
2023-02-17T03:12:24-06:00,373,11100.00000,4896816.50000,1.30902,-19.50000,,,,
2023-02-17T03:14:32-06:00,374,11666.66602,4897716.50000,1.24567,-19.50000,,,,
2023-02-17T03:16:40-06:00,375,11650.00000,4899133.00000,1.24781,-19.50000,,,,
2023-02-17T03:18:47-06:00,376,11383.33301,4898816.50000,1.27696,-19.50000,,,,
2023-02-17T03:20:55-06:00,377,11733.33301,4893700.00000,1.23757,-19.50000,,,,
2023-02-17T03:23:03-06:00,378,12050.00000,4901316.50000,1.20693,-19.50000,,,,
2023-02-17T03:25:11-06:00,379,11566.66602,4941033.00000,1.26755,-19.50000,,,,
2023-02-17T03:27:18-06:00,380,11200.00000,4973933.00000,1.31776,-19.50000,,,,
2023-02-17T03:29:26-06:00,381,11650.00000,4958250.00000,1.26287,-19.50000,,,,
2023-02-17T03:31:34-06:00,382,11333.33301,4948550.00000,1.29561,-19.50000,,,,
2023-02-17T03:33:42-06:00,383,11316.66602,4889766.50000,1.28211,-19.50000,,,,
2023-02-17T03:35:49-06:00,384,11650.00000,4890933.00000,1.24572,-19.50000,,,,
2023-02-17T03:37:57-06:00,385,11583.33301,4889666.50000,1.25257,-19.50000,,,,
2023-02-17T03:40:05-06:00,386,11416.66602,4882883.00000,1.26909,-19.50000,,,,
2023-02-17T03:42:13-06:00,387,11316.66602,4869150.00000,1.27670,-19.50000,,,,
2023-02-17T03:44:20-06:00,388,11250.00000,4889933.00000,1.28975,-19.50000,,,,
2023-02-17T03:46:28-06:00,389,11583.33301,4887616.50000,1.25204,-19.50000,,,,
2023-02-17T03:48:36-06:00,390,11266.66602,4882750.00000,1.28595,-19.50000,,,,
2023-02-17T03:50:43-06:00,391,11616.66602,4891750.00000,1.24950,-19.75000,,,,
2023-02-17T03:52:51-06:00,392,11683.33301,4890400.00000,1.24203,-19.50000,,,,
2023-02-17T03:54:59-06:00,393,11700.00000,4892316.50000,1.24075,-19.75000,,,,
2023-02-17T03:57:07-06:00,394,11650.00000,4889866.50000,1.24545,-19.75000,,,,
2023-02-17T03:59:14-06:00,395,11666.66602,4890300.00000,1.24378,-19.50000,,,,
2023-02-17T04:01:22-06:00,396,11650.00000,4900666.50000,1.24820,-19.50000,,,,
2023-02-17T04:03:30-06:00,397,11300.00000,4841666.50000,1.27137,-19.50000,,,,
2023-02-17T04:05:38-06:00,398,11633.33301,4931166.50000,1.25777,-19.50000,,,,
2023-02-17T04:07:46-06:00,399,11683.33301,4917283.00000,1.24886,-19.50000,,,,
2023-02-17T04:09:53-06:00,400,11516.66602,4904366.50000,1.26360,-19.50000,,,,
2023-02-17T04:12:01-06:00,401,11583.33301,4889916.50000,1.25263,-19.50000,,,,
2023-02-17T04:14:09-06:00,402,11300.00000,4880416.50000,1.28154,-19.50000,,,,
2023-02-17T04:16:17-06:00,403,11416.66602,4881850.00000,1.26882,-19.50000,,,,
2023-02-17T04:18:24-06:00,404,11700.00000,4881316.50000,1.23796,-19.50000,,,,
2023-02-17T04:20:32-06:00,405,11500.00000,4879700.00000,1.25907,-19.50000,,,,
2023-02-17T04:22:40-06:00,406,11566.66602,4881433.00000,1.25226,-19.50000,,,,
2023-02-17T04:24:48-06:00,407,11416.66602,4871000.00000,1.26600,-19.50000,,,,
2023-02-17T04:26:55-06:00,408,11266.66602,4883533.00000,1.28616,-19.75000,,,,
2023-02-17T04:29:03-06:00,409,11150.00000,4861616.50000,1.29378,-19.50000,,,,
2023-02-17T04:31:11-06:00,410,11116.66602,4871466.50000,1.30029,-19.50000,,,,
2023-02-17T04:33:18-06:00,411,11733.33301,4881866.50000,1.23458,-19.50000,,,,
2023-02-17T04:35:26-06:00,412,11250.00000,4889816.50000,1.28972,-19.75000,,,,
2023-02-17T04:37:34-06:00,413,11750.00000,4891383.00000,1.23523,-19.50000,,,,
2023-02-17T04:39:42-06:00,414,11983.33301,4892800.00000,1.21153,-19.50000,,,,
2023-02-17T04:41:50-06:00,415,11233.33301,4890166.50000,1.29173,-19.75000,,,,
2023-02-17T04:43:57-06:00,416,11533.33301,4897266.50000,1.25995,-19.50000,,,,
2023-02-17T04:46:05-06:00,417,11533.33301,4890450.00000,1.25820,-19.50000,,,,
2023-02-17T04:48:13-06:00,418,11700.00000,4888016.50000,1.23966,-19.50000,,,,
2023-02-17T04:50:21-06:00,419,11250.00000,4939600.00000,1.30285,-19.50000,,,,
2023-02-17T04:52:28-06:00,420,11933.33301,4899050.00000,1.21816,-19.50000,,,,
2023-02-17T04:54:36-06:00,421,11200.00000,4887650.00000,1.29490,-19.25000,,,,
2023-02-17T04:56:44-06:00,422,11650.00000,4881000.00000,1.24319,-19.50000,,,,
2023-02-17T04:58:52-06:00,423,11633.33301,4899266.50000,1.24963,-19.50000,,,,
2023-02-17T05:00:59-06:00,424,11266.66602,4920983.00000,1.29602,-19.50000,,,,
2023-02-17T05:03:07-06:00,425,11950.00000,4881666.50000,1.21215,-19.50000,,,,
2023-02-17T05:05:15-06:00,426,11983.33301,4879350.00000,1.20820,-19.50000,,,,
2023-02-17T05:07:22-06:00,427,11866.66602,4878450.00000,1.21985,-19.50000,,,,
2023-02-17T05:09:30-06:00,428,11500.00000,4869500.00000,1.25644,-19.50000,,,,
2023-02-17T05:11:38-06:00,429,11316.66602,4890066.50000,1.28219,-19.50000,,,,
2023-02-17T05:13:46-06:00,430,11583.33301,4879333.00000,1.24992,-19.50000,,,,
2023-02-17T05:15:53-06:00,431,11366.66602,4879400.00000,1.27376,-19.75000,,,,
2023-02-17T05:18:01-06:00,432,11666.66602,4882083.00000,1.24169,-19.50000,,,,
2023-02-17T05:20:09-06:00,433,11900.00000,4888400.00000,1.21892,-19.50000,,,,
2023-02-17T05:22:17-06:00,434,11616.66602,4882666.50000,1.24718,-19.50000,,,,
2023-02-17T05:24:24-06:00,435,11633.33301,4891716.50000,1.24771,-19.50000,,,,
2023-02-17T05:26:32-06:00,436,11866.66602,4896600.00000,1.22439,-19.50000,,,,
2023-02-17T05:28:40-06:00,437,11216.66602,4890200.00000,1.29365,-19.50000,,,,
2023-02-17T05:30:48-06:00,438,11683.33301,4893666.50000,1.24286,-19.50000,,,,
2023-02-17T05:32:55-06:00,439,11266.66602,4907183.00000,1.29238,-19.50000,,,,
2023-02-17T05:35:03-06:00,440,11266.66602,4911516.50000,1.29353,-19.50000,,,,
2023-02-17T05:37:11-06:00,441,11500.00000,4889666.50000,1.26164,-19.25000,,,,
2023-02-17T05:39:19-06:00,442,11500.00000,4881166.50000,1.25945,-19.50000,,,,
2023-02-17T05:41:26-06:00,443,11333.33301,4870466.50000,1.27517,-19.50000,,,,
2023-02-17T05:43:34-06:00,444,11266.66602,4880366.50000,1.28532,-19.50000,,,,
2023-02-17T05:45:42-06:00,445,11683.33301,4880716.50000,1.23957,-19.50000,,,,
2023-02-17T05:47:50-06:00,446,11316.66602,4880200.00000,1.27960,-19.50000,,,,
2023-02-17T05:49:57-06:00,447,11983.33301,4877366.50000,1.20771,-19.50000,,,,
2023-02-17T05:52:05-06:00,448,11083.33301,4939983.00000,1.32254,-19.50000,,,,
2023-02-17T05:54:13-06:00,449,11450.00000,4881500.00000,1.26504,-19.50000,,,,
2023-02-17T05:56:21-06:00,450,11366.66602,4949516.50000,1.29207,-19.50000,,,,
2023-02-17T05:58:28-06:00,451,11766.66602,4881333.00000,1.23095,-19.50000,,,,
2023-02-17T06:00:36-06:00,452,11900.00000,4879266.50000,1.21664,-19.50000,,,,
2023-02-17T06:02:44-06:00,453,11333.33301,4880233.00000,1.27773,-19.50000,,,,
2023-02-17T06:04:51-06:00,454,11716.66602,4959466.50000,1.25599,-19.50000,,,,
2023-02-17T06:06:59-06:00,455,11966.66602,4881333.00000,1.21038,-19.50000,,,,
2023-02-17T06:09:07-06:00,456,11933.33301,4891100.00000,1.21619,-19.50000,,,,
2023-02-17T06:11:15-06:00,457,11983.33301,4913350.00000,1.21662,-19.50000,,,,
2023-02-17T06:13:22-06:00,458,11766.66602,4889900.00000,1.23311,-19.50000,,,,
2023-02-17T06:15:30-06:00,459,11916.66602,4893900.00000,1.21858,-19.50000,,,,
2023-02-17T06:17:38-06:00,460,11516.66602,4892183.00000,1.26047,-19.50000,,,,
2023-02-17T06:19:46-06:00,461,11433.33301,4890866.50000,1.26931,-19.50000,,,,
2023-02-17T06:21:53-06:00,462,11833.33301,4951850.00000,1.24170,-19.50000,,,,
2023-02-17T06:24:01-06:00,463,11733.33301,4900216.50000,1.23922,-19.50000,,,,
2023-02-17T06:26:09-06:00,464,11250.00000,4872316.50000,1.28510,-19.50000,,,,
2023-02-17T06:28:16-06:00,465,11100.00000,4878400.00000,1.30410,-19.50000,,,,
2023-02-17T06:30:24-06:00,466,11333.33301,4878833.00000,1.27736,-19.50000,,,,
2023-02-17T06:32:32-06:00,467,11733.33301,4872283.00000,1.23216,-19.50000,,,,
2023-02-17T06:34:40-06:00,468,11566.66602,4882100.00000,1.25243,-19.50000,,,,
2023-02-17T06:36:47-06:00,469,11316.66602,4879083.00000,1.27931,-19.50000,,,,
2023-02-17T06:38:55-06:00,470,11666.66602,4881033.00000,1.24142,-19.50000,,,,
2023-02-17T06:41:03-06:00,471,11966.66602,4879100.00000,1.20982,-19.50000,,,,
2023-02-17T06:43:11-06:00,472,11166.66602,4880516.50000,1.29687,-19.50000,,,,
2023-02-17T06:45:18-06:00,473,11700.00000,4879450.00000,1.23749,-19.75000,,,,
2023-02-17T06:47:26-06:00,474,11416.66602,4889083.00000,1.27070,-19.75000,,,,
2023-02-17T06:49:34-06:00,475,11283.33301,4868950.00000,1.28042,-19.50000,,,,
2023-02-17T06:51:42-06:00,476,11466.66602,4830016.50000,1.24987,-19.50000,,,,
2023-02-17T06:53:49-06:00,477,11216.66602,4882233.00000,1.29155,-19.50000,,,,
2023-02-17T06:55:57-06:00,478,12000.00000,4881200.00000,1.20698,-19.50000,,,,
2023-02-17T06:58:05-06:00,479,11766.66602,4886300.00000,1.23220,-19.50000,,,,
2023-02-17T07:00:12-06:00,480,11633.33301,4891100.00000,1.24755,-19.50000,,,,
2023-02-17T07:02:20-06:00,481,11416.66602,4892200.00000,1.27151,-19.50000,,,,
2023-02-17T07:04:28-06:00,482,11633.33301,4880500.00000,1.24484,-19.75000,,,,
2023-02-17T07:06:36-06:00,483,11333.33301,4874733.00000,1.27629,-19.50000,,,,
2023-02-17T07:08:43-06:00,484,11633.33301,4870750.00000,1.24236,-19.50000,,,,
2023-02-17T07:10:51-06:00,485,11533.33301,4882150.00000,1.25606,-19.50000,,,,
2023-02-17T07:12:59-06:00,486,11783.33301,4871566.50000,1.22675,-19.50000,,,,
2023-02-17T07:15:07-06:00,487,11616.66602,4881266.50000,1.24683,-19.50000,,,,
2023-02-17T07:17:14-06:00,488,11333.33301,4871083.00000,1.27533,-19.50000,,,,
2023-02-17T07:19:22-06:00,489,11366.66602,4873416.50000,1.27220,-19.75000,,,,
2023-02-17T07:21:30-06:00,490,11300.00000,4870150.00000,1.27885,-19.50000,,,,
2023-02-17T07:23:37-06:00,491,11866.66602,4881150.00000,1.22053,-19.50000,,,,
2023-02-17T07:25:45-06:00,492,12000.00000,4883083.00000,1.20745,-19.75000,,,,
2023-02-17T07:27:53-06:00,493,11100.00000,4880533.00000,1.30467,-19.50000,,,,
2023-02-17T07:30:01-06:00,494,11450.00000,4880133.00000,1.26468,-19.50000,,,,
2023-02-17T07:32:08-06:00,495,11200.00000,4880533.00000,1.29302,-19.50000,,,,
2023-02-17T07:34:16-06:00,496,11833.33301,4878083.00000,1.22320,-19.50000,,,,
2023-02-17T07:36:24-06:00,497,11650.00000,4878416.50000,1.24253,-19.50000,,,,
2023-02-17T07:38:32-06:00,498,11683.33301,4882366.50000,1.23999,-19.50000,,,,
2023-02-17T07:40:39-06:00,499,11616.66602,4882483.00000,1.24714,-19.50000,,,,
2023-02-17T07:42:47-06:00,500,11800.00000,4873183.00000,1.22542,-19.25000,,,,
2023-02-17T07:44:55-06:00,501,12000.00000,4896816.50000,1.21084,-19.50000,,,,
2023-02-17T07:47:03-06:00,502,11100.00000,4888783.00000,1.30687,-19.50000,,,,
2023-02-17T07:49:10-06:00,503,11633.33301,4874050.00000,1.24320,-19.25000,,,,
2023-02-17T07:51:18-06:00,504,11700.00000,4870650.00000,1.23525,-19.25000,,,,
2023-02-17T07:53:26-06:00,505,11066.66602,4870850.00000,1.30600,-19.25000,,,,
2023-02-17T07:55:34-06:00,506,11366.66602,4871366.50000,1.27167,-19.25000,,,,
2023-02-17T07:57:41-06:00,507,11650.00000,4880700.00000,1.24311,-19.50000,,,,
2023-02-17T07:59:49-06:00,508,11266.66602,4880000.00000,1.28523,-19.50000,,,,
2023-02-17T08:01:57-06:00,509,12033.33301,4880883.00000,1.20356,-19.50000,,,,
2023-02-17T08:04:05-06:00,510,11166.66602,4881066.50000,1.29702,-19.50000,,,,
2023-02-17T08:06:12-06:00,511,11366.66602,4870800.00000,1.27152,-19.50000,,,,
2023-02-17T08:08:20-06:00,512,11750.00000,4870983.00000,1.23008,-19.50000,,,,
2023-02-17T08:10:28-06:00,513,12016.66602,4880166.50000,1.20505,-19.50000,,,,
2023-02-17T08:12:36-06:00,514,11300.00000,4872900.00000,1.27957,-19.50000,,,,
2023-02-17T08:14:43-06:00,515,11650.00000,4880300.00000,1.24301,-19.50000,,,,
2023-02-17T08:16:51-06:00,516,11766.66602,4950266.50000,1.24833,-19.50000,,,,
2023-02-17T08:18:59-06:00,517,11583.33301,4879666.50000,1.25000,-19.50000,,,,
2023-02-17T08:21:06-06:00,518,11700.00000,4882950.00000,1.23837,-19.50000,,,,
2023-02-17T08:23:14-06:00,519,11166.66602,4877783.00000,1.29615,-19.50000,,,,
2023-02-17T08:25:22-06:00,520,11550.00000,5112500.00000,1.31343,-19.75000,,,,
2023-02-17T08:27:30-06:00,521,11750.00000,5093633.00000,1.28631,-18.25000,,,,
2023-02-17T08:29:37-06:00,522,11216.66602,5138866.50000,1.35944,-17.00000,,,,
2023-02-17T08:31:45-06:00,523,11833.33301,5130583.00000,1.28651,-16.00000,,,,
2023-02-17T08:33:53-06:00,524,12550.00000,5110283.00000,1.20825,-15.00000,,,,
2023-02-17T08:36:01-06:00,525,11650.00000,5071833.00000,1.29180,-16.50000,,,,
2023-02-17T08:38:08-06:00,526,11416.66602,5045266.50000,1.31129,-15.50000,,,,
2023-02-17T08:40:16-06:00,527,12283.33301,5031500.00000,1.21545,-14.50000,,,,
2023-02-17T08:42:24-06:00,528,12233.33301,5042133.00000,1.22299,-13.25000,,,,
2023-02-17T08:44:32-06:00,529,12250.00000,5000150.00000,1.21116,-12.25000,,,,
2023-02-17T08:46:39-06:00,530,12866.66602,5060900.00000,1.16712,-9.75000,,,,
2023-02-17T08:48:47-06:00,531,13466.66602,5071316.50000,1.11742,-10.00000,,,,
2023-02-17T08:50:55-06:00,532,13099.99902,5080716.50000,1.15082,-6.75000,,,,
2023-02-17T08:53:02-06:00,533,13449.99902,5098450.00000,1.12479,-5.50000,,,,
2023-02-17T08:55:10-06:00,534,13449.99902,5030950.00000,1.10990,-5.00000,,,,
2023-02-17T08:57:18-06:00,535,13916.66602,5110833.00000,1.08971,-4.75000,,,,
2023-02-17T08:59:26-06:00,536,14149.99902,5109750.00000,1.07152,-3.50000,,,,
2023-02-17T09:01:33-06:00,537,15116.66602,5108816.50000,1.00281,-2.50000,,,,
2023-02-17T09:03:41-06:00,538,14649.99902,5095616.50000,1.03208,-1.75000,,,,
2023-02-17T09:05:49-06:00,539,16466.66602,5042850.00000,0.90871,-2.25000,,,,
2023-02-17T09:07:57-06:00,540,15766.66602,4939966.50000,0.92969,-2.25000,,,,
2023-02-17T09:10:04-06:00,541,15783.33301,4883883.00000,0.91817,-2.50000,,,,
2023-02-17T09:12:12-06:00,542,17383.33203,4889966.50000,0.83470,-3.50000,,,,
2023-02-17T09:14:20-06:00,543,17050.00000,4870516.50000,0.84763,-3.50000,,,,
2023-02-17T09:16:28-06:00,544,16199.99902,4845133.00000,0.88745,-3.50000,,,,
2023-02-17T09:18:36-06:00,545,16866.66602,4828583.00000,0.84947,-3.50000,,,,
2023-02-17T09:20:44-06:00,546,17166.66602,4799833.00000,0.82965,-3.50000,,,,
2023-02-17T09:22:51-06:00,547,17116.66602,4746550.00000,0.82284,-3.50000,,,,
2023-02-17T09:24:59-06:00,548,16349.99902,4730716.50000,0.85855,-3.25000,,,,
2023-02-17T09:27:07-06:00,549,16950.00000,4751050.00000,0.83172,-3.25000,,,,
2023-02-17T09:29:14-06:00,550,17466.66602,4710550.00000,0.80023,-3.50000,,,,
2023-02-17T09:31:22-06:00,551,16633.33203,4699816.50000,0.83841,-3.50000,,,,
2023-02-17T09:33:30-06:00,552,17516.66602,4691416.50000,0.79471,-3.50000,,,,
2023-02-17T09:35:38-06:00,553,17433.33203,4688650.00000,0.79804,-3.50000,,,,
2023-02-17T09:37:45-06:00,554,16666.66602,4676100.00000,0.83251,-3.50000,,,,
2023-02-17T09:39:53-06:00,555,16766.66602,4720466.50000,0.83540,-3.25000,,,,
2023-02-17T09:42:01-06:00,556,17016.66602,4616583.00000,0.80501,-3.25000,,,,
2023-02-17T09:44:09-06:00,557,17566.66602,4600150.00000,0.77703,-3.25000,,,,
2023-02-17T09:46:16-06:00,558,16633.33203,4641933.00000,0.82808,-3.25000,,,,
2023-02-17T09:48:24-06:00,559,17566.66602,4605566.50000,0.77794,-3.25000,,,,
2023-02-17T09:50:32-06:00,560,17283.33203,4595333.00000,0.78894,-3.25000,,,,
2023-02-17T09:52:40-06:00,561,17000.00000,4589950.00000,0.80115,-3.25000,,,,
2023-02-17T09:54:47-06:00,562,17833.33203,4598233.00000,0.76509,-3.25000,,,,
2023-02-17T09:56:55-06:00,563,17050.00000,4580466.50000,0.79715,-3.00000,,,,
2023-02-17T09:59:03-06:00,564,17950.00000,4478183.00000,0.74027,-3.00000,,,,
2023-02-17T10:01:10-06:00,565,17050.00000,4551466.50000,0.79210,-2.75000,,,,
2023-02-17T10:03:18-06:00,566,16733.33203,4528283.00000,0.80298,-2.50000,,,,
2023-02-17T10:05:26-06:00,567,17616.66602,4513833.00000,0.76029,-2.50000,,,,
2023-02-17T10:07:34-06:00,568,16966.66602,4507883.00000,0.78837,-2.00000,,,,
2023-02-17T10:09:41-06:00,569,18233.33203,4479200.00000,0.72894,-2.00000,,,,
2023-02-17T10:11:49-06:00,570,17533.33203,4486566.50000,0.75928,-1.75000,,,,
2023-02-17T10:13:57-06:00,571,18066.66602,4421300.00000,0.72615,-1.75000,,,,
2023-02-17T10:16:05-06:00,572,18533.33203,4360983.00000,0.69821,-1.75000,,,,
2023-02-17T10:18:12-06:00,573,18216.66602,4297166.50000,0.69995,-1.50000,,,,
2023-02-17T10:20:20-06:00,574,19033.33203,4289633.00000,0.66874,-1.50000,,,,
2023-02-17T10:22:28-06:00,575,18833.33203,4249716.50000,0.66956,-1.50000,,,,
2023-02-17T10:24:36-06:00,576,18733.33203,4205183.00000,0.66608,-1.50000,,,,
2023-02-17T10:26:43-06:00,577,19366.66602,4174849.75000,0.63965,-1.25000,,,,
2023-02-17T10:28:51-06:00,578,19133.33203,4170816.50000,0.64682,-1.25000,,,,
2023-02-17T10:30:59-06:00,579,18800.00000,4169949.75000,0.65815,-1.25000,,,,
2023-02-17T10:33:07-06:00,580,18866.66602,4146883.25000,0.65220,-1.25000,,,,
2023-02-17T10:35:14-06:00,581,19116.66602,4172183.25000,0.64760,-1.25000,,,,
2023-02-17T10:37:22-06:00,582,19133.33203,4237083.00000,0.65710,-1.25000,,,,
2023-02-17T10:39:30-06:00,583,20083.33203,4110399.75000,0.60730,-1.25000,,,,
2023-02-17T10:41:37-06:00,584,19100.00000,4100599.75000,0.63704,-1.25000,,,,
2023-02-17T10:43:45-06:00,585,20033.33203,4089999.75000,0.60579,-1.25000,,,,
2023-02-17T10:45:53-06:00,586,20100.00000,4061633.25000,0.59960,-1.00000,,,,
2023-02-17T10:48:01-06:00,587,19333.33203,4060366.50000,0.62318,1.50000,,,,
2023-02-17T10:50:08-06:00,588,20183.33203,4040899.75000,0.59407,1.25000,,,,
2023-02-17T10:52:16-06:00,589,20250.00000,4022399.75000,0.58941,1.50000,,,,
2023-02-17T10:54:24-06:00,590,19833.33203,4009033.25000,0.59979,1.50000,,,,
2023-02-17T10:56:32-06:00,591,20316.66602,4132833.25000,0.60360,1.50000,,,,
2023-02-17T10:58:39-06:00,592,20350.00000,3994483.25000,0.58244,1.25000,,,,
2023-02-17T11:00:47-06:00,593,19783.33203,3987833.25000,0.59813,1.25000,,,,
2023-02-17T11:02:55-06:00,594,20383.33203,3969366.50000,0.57783,1.25000,,,,
2023-02-17T11:05:02-06:00,595,20383.33203,4022349.75000,0.58554,0.00000,,,,
2023-02-17T11:07:10-06:00,596,20416.66602,3970499.75000,0.57705,0.00000,,,,
2023-02-17T11:09:18-06:00,597,20416.66602,3950049.75000,0.57408,-0.25000,,,,
2023-02-17T11:11:26-06:00,598,20416.66602,3937766.50000,0.57230,-0.25000,,,,
2023-02-17T11:13:33-06:00,599,19766.66602,3931149.75000,0.59012,-0.25000,,,,
2023-02-17T11:15:41-06:00,600,20400.00000,3919916.50000,0.57017,-0.50000,,,,
2023-02-17T11:17:49-06:00,601,20416.66602,3891683.25000,0.56560,-0.50000,,,,
2023-02-17T11:19:57-06:00,602,20416.66602,3897933.25000,0.56651,-0.50000,,,,
2023-02-17T11:22:04-06:00,603,20400.00000,3899683.25000,0.56722,-0.25000,,,,
2023-02-17T11:24:12-06:00,604,19950.00000,3900783.25000,0.58018,-0.25000,,,,
2023-02-17T11:26:20-06:00,605,20000.00000,3900383.25000,0.57867,-0.25000,,,,
2023-02-17T11:28:28-06:00,606,20400.00000,3889416.50000,0.56573,-0.25000,,,,
2023-02-17T11:30:36-06:00,607,20416.66602,3880383.25000,0.56396,-0.25000,,,,
2023-02-17T11:32:43-06:00,608,19616.66602,3870616.50000,0.58548,-0.25000,,,,
2023-02-17T11:34:51-06:00,609,19716.66602,3859533.25000,0.58084,-0.25000,,,,
2023-02-17T11:36:59-06:00,610,19566.66602,3849849.75000,0.58382,-0.25000,,,,
2023-02-17T11:39:06-06:00,611,20416.66602,3837216.50000,0.55768,-0.25000,,,,
2023-02-17T11:41:14-06:00,612,19650.00000,3880066.50000,0.58591,0.00000,,,,
2023-02-17T11:43:22-06:00,613,19633.33203,3819649.75000,0.57728,0.00000,,,,
2023-02-17T11:45:30-06:00,614,20416.66602,3790266.50000,0.55086,-0.25000,,,,
2023-02-17T11:47:37-06:00,615,19633.33203,3771283.25000,0.56997,0.00000,,,,
2023-02-17T11:49:45-06:00,616,20366.66602,3738466.50000,0.54466,0.00000,,,,
2023-02-17T11:51:53-06:00,617,20350.00000,3720583.25000,0.54250,0.00000,,,,
2023-02-17T11:54:01-06:00,618,20300.00000,3671749.75000,0.53670,0.00000,,,,
2023-02-17T11:56:08-06:00,619,19533.33203,3526216.50000,0.53566,0.00000,,,,
2023-02-17T11:58:16-06:00,620,19866.66602,3662183.25000,0.54698,0.00000,,,,
2023-02-17T12:00:24-06:00,621,19483.33203,3367366.50000,0.51284,0.00000,,,,
2023-02-17T12:02:32-06:00,622,20216.66602,3503383.25000,0.51420,0.25000,,,,
2023-02-17T12:04:39-06:00,623,20216.66602,3450466.50000,0.50643,0.25000,,,,
2023-02-17T12:06:47-06:00,624,20266.66602,3407783.25000,0.49894,0.25000,,,,
2023-02-17T12:08:55-06:00,625,19283.33203,3420049.75000,0.52627,0.25000,,,,
2023-02-17T12:11:02-06:00,626,20300.00000,3610333.25000,0.52772,0.25000,,,,
2023-02-17T12:13:10-06:00,627,20266.66602,3537399.75000,0.51791,0.50000,,,,
2023-02-17T12:15:18-06:00,628,19850.00000,3280399.75000,0.49037,0.50000,,,,
2023-02-17T12:17:26-06:00,629,20266.66602,3240916.50000,0.47450,0.50000,,,,
2023-02-17T12:19:33-06:00,630,19416.66602,3208400.00000,0.49031,0.75000,,,,
2023-02-17T12:21:41-06:00,631,20233.33203,3172000.00000,0.46518,0.75000,,,,
2023-02-17T12:23:49-06:00,632,20250.00000,3159700.00000,0.46299,0.75000,,,,
2023-02-17T12:25:57-06:00,633,19466.66602,3134616.50000,0.47780,0.75000,,,,
2023-02-17T12:28:04-06:00,634,19400.00000,3104916.50000,0.47490,0.75000,,,,
2023-02-17T12:30:12-06:00,635,19783.33203,3080200.00000,0.46199,0.75000,,,,
2023-02-17T12:32:20-06:00,636,20183.33203,3050083.25000,0.44841,0.75000,,,,
2023-02-17T12:34:27-06:00,637,19883.33203,3057600.00000,0.45630,0.75000,,,,
2023-02-17T12:36:35-06:00,638,19300.00000,3037850.00000,0.46705,1.00000,,,,
2023-02-17T12:38:43-06:00,639,19250.00000,2980483.25000,0.45942,1.00000,,,,
2023-02-17T12:40:51-06:00,640,20050.00000,2949900.00000,0.43656,1.00000,,,,
2023-02-17T12:42:58-06:00,641,20050.00000,2850400.00000,0.42184,1.00000,,,,
2023-02-17T12:45:06-06:00,642,20100.00000,2977616.50000,0.43957,1.00000,,,,
2023-02-17T12:47:14-06:00,643,20150.00000,2879500.00000,0.42403,1.00000,,,,
2023-02-17T12:49:22-06:00,644,19966.66602,2849150.00000,0.42341,1.25000,,,,
2023-02-17T12:51:29-06:00,645,19150.00000,2828750.00000,0.43831,1.25000,,,,
2023-02-17T12:53:37-06:00,646,20116.66602,2793350.00000,0.41203,1.25000,,,,
2023-02-17T12:55:45-06:00,647,20133.33203,2780416.50000,0.40978,1.25000,,,,
2023-02-17T12:57:52-06:00,648,18800.00000,2760516.50000,0.43570,1.50000,,,,
2023-02-17T13:00:00-06:00,649,19783.33203,2723750.00000,0.40853,1.50000,,,,
2023-02-17T13:02:08-06:00,650,19333.33203,2688066.50000,0.41256,1.25000,,,,
2023-02-17T13:04:16-06:00,651,19733.33203,3001400.00000,0.45131,1.50000,,,,
2023-02-17T13:06:23-06:00,652,18883.33203,2629733.25000,0.41323,1.50000,,,,
2023-02-17T13:08:31-06:00,653,18816.66602,2600433.25000,0.41007,1.50000,,,,
2023-02-17T13:10:39-06:00,654,19650.00000,2570216.50000,0.38812,1.50000,,,,
2023-02-17T13:12:47-06:00,655,18816.66602,2538683.25000,0.40033,1.50000,,,,
2023-02-17T13:14:54-06:00,656,19550.00000,2510166.50000,0.38099,1.75000,,,,
2023-02-17T13:17:02-06:00,657,18616.66602,2802883.25000,0.44674,1.75000,,,,
2023-02-17T13:19:10-06:00,658,18433.33203,2505450.00000,0.40331,1.75000,,,,
2023-02-17T13:21:17-06:00,659,18850.00000,2213983.25000,0.34851,2.00000,,,,
2023-02-17T13:23:25-06:00,660,19500.00000,2390700.00000,0.36379,1.75000,,,,
2023-02-17T13:25:33-06:00,661,19466.66602,2360683.25000,0.35983,2.25000,,,,
2023-02-17T13:27:41-06:00,662,18816.66602,2320100.00000,0.36586,2.25000,,,,
2023-02-17T13:29:48-06:00,663,19566.66602,2275666.50000,0.34510,2.50000,,,,
2023-02-17T13:31:56-06:00,664,18750.00000,2260100.00000,0.35767,2.50000,,,,
2023-02-17T13:34:04-06:00,665,19133.33203,2231366.50000,0.34605,2.75000,,,,
2023-02-17T13:36:12-06:00,666,18750.00000,2197583.25000,0.34778,2.50000,,,,
2023-02-17T13:38:19-06:00,667,19566.66602,2180300.00000,0.33064,2.50000,,,,
2023-02-17T13:40:27-06:00,668,19483.33203,2151483.25000,0.32766,2.75000,,,,
2023-02-17T13:42:35-06:00,669,19116.66602,2084499.87500,0.32355,2.75000,,,,
2023-02-17T13:44:42-06:00,670,18833.33203,2100016.50000,0.33086,2.75000,,,,
2023-02-17T13:46:50-06:00,671,18850.00000,2079716.62500,0.32738,2.75000,,,,
2023-02-17T13:48:58-06:00,672,19600.00000,2040166.62500,0.30886,2.75000,,,,
2023-02-17T13:51:06-06:00,673,19516.66602,2013716.62500,0.30616,3.00000,,,,
2023-02-17T13:53:13-06:00,674,19616.66602,1990116.62500,0.30103,3.00000,,,,
2023-02-17T13:55:21-06:00,675,19583.33203,1960266.62500,0.29702,3.00000,,,,
2023-02-17T13:57:29-06:00,676,19616.66602,1940499.87500,0.29352,3.00000,,,,
2023-02-17T13:59:37-06:00,677,19633.33203,1931399.87500,0.29190,3.00000,,,,
2023-02-17T14:01:44-06:00,678,18833.33203,1900066.62500,0.29936,3.25000,,,,
2023-02-17T14:03:52-06:00,679,19766.66602,1880433.25000,0.28228,3.75000,,,,
2023-02-17T14:06:00-06:00,680,19200.00000,1860949.87500,0.28760,4.00000,,,,
2023-02-17T14:08:08-06:00,681,18916.66602,1851416.62500,0.29041,3.50000,,,,
2023-02-17T14:10:15-06:00,682,18850.00000,1820233.25000,0.28653,3.50000,,,,
2023-02-17T14:12:23-06:00,683,19216.66602,1800416.62500,0.27800,3.25000,,,,
2023-02-17T14:14:31-06:00,684,19700.00000,1773783.25000,0.26717,3.25000,,,,
2023-02-17T14:16:38-06:00,685,18900.00000,1745433.25000,0.27403,3.50000,,,,
2023-02-17T14:18:46-06:00,686,19666.66602,1722116.62500,0.25983,3.50000,,,,
2023-02-17T14:20:54-06:00,687,19583.33203,1700683.25000,0.25769,3.50000,,,,
2023-02-17T14:23:02-06:00,688,18450.00000,1678466.62500,0.26994,3.75000,,,,
2023-02-17T14:25:09-06:00,689,19166.66602,1400816.62500,0.21687,3.75000,,,,
2023-02-17T14:27:17-06:00,690,18883.33203,1544133.25000,0.24264,3.75000,,,,
2023-02-17T14:29:25-06:00,691,18966.66602,1616766.62500,0.25294,3.75000,,,,
2023-02-17T14:31:33-06:00,692,18666.66602,1599266.62500,0.25422,4.00000,,,,
2023-02-17T14:33:40-06:00,693,19333.33203,1580000.00000,0.24250,4.00000,,,,
2023-02-17T14:35:48-06:00,694,19716.66602,1550866.62500,0.23340,4.00000,,,,
2023-02-17T14:37:56-06:00,695,19983.33203,1571033.25000,0.23328,4.00000,,,,
2023-02-17T14:40:04-06:00,696,19016.66602,1521700.00000,0.23744,4.25000,,,,
2023-02-17T14:42:11-06:00,697,19250.00000,1508416.62500,0.23251,4.25000,,,,
2023-02-17T14:44:19-06:00,698,20050.00000,1491200.00000,0.22069,4.25000,,,,
2023-02-17T14:46:27-06:00,699,20050.00000,1480266.62500,0.21907,3.75000,,,,
2023-02-17T14:48:34-06:00,700,19800.00000,1460750.00000,0.21891,3.75000,,,,
2023-02-17T14:50:42-06:00,701,19866.66602,1450250.00000,0.21661,4.25000,,,,
2023-02-17T14:52:50-06:00,702,19133.33203,1436066.62500,0.22271,4.00000,,,,
2023-02-17T14:54:58-06:00,703,20050.00000,1259633.25000,0.18642,4.25000,,,,
2023-02-17T14:57:06-06:00,704,19850.00000,1391133.25000,0.20795,4.25000,,,,
2023-02-17T14:59:13-06:00,705,20083.33203,1381150.00000,0.20406,4.25000,,,,
2023-02-17T15:01:21-06:00,706,19983.33203,1380283.25000,0.20495,4.25000,,,,
2023-02-17T15:03:29-06:00,707,18966.66602,1369950.00000,0.21432,4.25000,,,,
2023-02-17T15:05:36-06:00,708,19533.33203,2092933.25000,0.31793,4.50000,,,,
2023-02-17T15:07:44-06:00,709,19533.33203,1361450.00000,0.20681,4.50000,,,,
2023-02-17T15:09:53-06:00,710,20016.66602,1359533.25000,0.20154,4.75000,,,,
2023-02-17T15:12:02-06:00,711,19600.00000,1340433.25000,0.20293,4.50000,,,,
2023-02-17T15:14:10-06:00,712,19850.00000,1340516.62500,0.20039,4.50000,,,,
2023-02-17T15:16:18-06:00,713,19516.66602,1340666.62500,0.20383,4.50000,,,,
2023-02-17T15:18:26-06:00,714,19200.00000,1331650.00000,0.20580,4.50000,,,,
2023-02-17T15:20:33-06:00,715,19950.00000,1330133.25000,0.19784,4.25000,,,,
2023-02-17T15:22:41-06:00,716,20016.66602,1320550.00000,0.19576,4.50000,,,,
2023-02-17T15:24:49-06:00,717,19050.00000,1300066.62500,0.20250,4.50000,,,,
2023-02-17T15:26:57-06:00,718,19900.00000,1311700.00000,0.19559,4.75000,,,,
2023-02-17T15:29:04-06:00,719,19133.33203,1330916.62500,0.20640,5.25000,,,,
2023-02-17T15:31:12-06:00,720,20033.33203,1300300.00000,0.19260,5.25000,,,,
2023-02-17T15:33:20-06:00,721,19100.00000,1291766.62500,0.20068,5.25000,,,,
2023-02-17T15:35:27-06:00,722,19183.33203,1280000.00000,0.19799,5.25000,,,,
2023-02-17T15:37:35-06:00,723,20083.33203,988783.31250,0.14609,5.25000,,,,
2023-02-17T15:39:43-06:00,724,19183.33203,1270900.00000,0.19658,4.50000,,,,
2023-02-17T15:41:51-06:00,725,20066.66602,1276466.62500,0.18875,4.50000,,,,
2023-02-17T15:43:58-06:00,726,19600.00000,1270350.00000,0.19232,4.50000,,,,
2023-02-17T15:46:06-06:00,727,20200.00000,1260400.00000,0.18515,4.75000,,,,
2023-02-17T15:48:14-06:00,728,19166.66602,1253950.00000,0.19413,4.50000,,,,
2023-02-17T15:50:22-06:00,729,19166.66602,1249150.00000,0.19339,4.50000,,,,
2023-02-17T15:52:29-06:00,730,20083.33203,1241433.25000,0.18342,4.50000,,,,
2023-02-17T15:54:37-06:00,731,20116.66602,1249716.62500,0.18434,4.50000,,,,
2023-02-17T15:56:45-06:00,732,19966.66602,1267583.25000,0.18838,4.25000,,,,
2023-02-17T15:58:52-06:00,733,19916.66602,1240000.00000,0.18474,4.25000,,,,
2023-02-17T16:01:00-06:00,734,19083.33203,1231883.25000,0.19154,4.25000,,,,
2023-02-17T16:03:08-06:00,735,19916.66602,1026583.31250,0.15294,4.25000,,,,
2023-02-17T16:05:16-06:00,736,19966.66602,1220766.62500,0.18142,4.25000,,,,
2023-02-17T16:07:23-06:00,737,19100.00000,1210450.00000,0.18805,4.25000,,,,
2023-02-17T16:09:31-06:00,738,19283.33203,1210800.00000,0.18631,4.25000,,,,
2023-02-17T16:11:39-06:00,739,18850.00000,1210350.00000,0.19053,4.25000,,,,
2023-02-17T16:13:46-06:00,740,20016.66602,1229716.62500,0.18229,4.25000,,,,
2023-02-17T16:15:54-06:00,741,19516.66602,1200183.25000,0.18247,4.25000,,,,
2023-02-17T16:18:02-06:00,742,20183.33203,1189200.00000,0.17483,4.25000,,,,
2023-02-17T16:20:10-06:00,743,19966.66602,1181616.62500,0.17560,4.25000,,,,
2023-02-17T16:22:17-06:00,744,20050.00000,1210533.25000,0.17915,4.25000,,,,
2023-02-17T16:24:25-06:00,745,19716.66602,1179550.00000,0.17752,4.50000,,,,
2023-02-17T16:26:33-06:00,746,20083.33203,1179700.00000,0.17430,4.50000,,,,
2023-02-17T16:28:41-06:00,747,18950.00000,1161833.25000,0.18192,4.50000,,,,
2023-02-17T16:30:48-06:00,748,20000.00000,1129933.25000,0.16764,4.50000,,,,
2023-02-17T16:32:56-06:00,749,19150.00000,1160000.00000,0.17974,4.50000,,,,
2023-02-17T16:35:04-06:00,750,19550.00000,1150050.00000,0.17455,4.50000,,,,
2023-02-17T16:37:11-06:00,751,19200.00000,1148683.25000,0.17752,4.50000,,,,
2023-02-17T16:39:19-06:00,752,19983.33203,1140633.25000,0.16937,4.50000,,,,
2023-02-17T16:41:27-06:00,753,19216.66602,1140200.00000,0.17606,4.50000,,,,
2023-02-17T16:43:35-06:00,754,19550.00000,1129966.62500,0.17150,4.50000,,,,
2023-02-17T16:45:42-06:00,755,19233.33203,1130716.62500,0.17444,4.50000,,,,
2023-02-17T16:47:50-06:00,756,19550.00000,1130183.25000,0.17154,4.50000,,,,
2023-02-17T16:49:58-06:00,757,20000.00000,1122900.00000,0.16660,4.50000,,,,
2023-02-17T16:52:06-06:00,758,19150.00000,1129966.62500,0.17509,4.50000,,,,
2023-02-17T16:54:14-06:00,759,19983.33203,1120400.00000,0.16636,4.50000,,,,
2023-02-17T16:56:21-06:00,760,19050.00000,1100000.00000,0.17134,4.50000,,,,
2023-02-17T16:58:29-06:00,761,19550.00000,1107783.25000,0.16814,4.50000,,,,
2023-02-17T17:00:37-06:00,762,19166.66602,1100866.62500,0.17043,4.50000,,,,
2023-02-17T17:02:44-06:00,763,19000.00000,1107500.00000,0.17296,4.50000,,,,
2023-02-17T17:04:52-06:00,764,19516.66602,1101716.62500,0.16750,4.50000,,,,
2023-02-17T17:07:00-06:00,765,19166.66602,1109033.25000,0.17169,4.75000,,,,
2023-02-17T17:09:08-06:00,766,19983.33203,1099366.62500,0.16324,4.75000,,,,
2023-02-17T17:11:15-06:00,767,19366.66602,1796416.62500,0.27524,4.75000,,,,
2023-02-17T17:13:23-06:00,768,20083.33203,1100233.25000,0.16256,4.75000,,,,
2023-02-17T17:15:31-06:00,769,19500.00000,1091050.00000,0.16602,4.75000,,,,
2023-02-17T17:17:38-06:00,770,19133.33203,1091400.00000,0.16926,5.00000,,,,
2023-02-17T17:19:46-06:00,771,19900.00000,1091066.62500,0.16269,5.00000,,,,
2023-02-17T17:21:54-06:00,772,20066.66602,1090050.00000,0.16119,5.00000,,,,
2023-02-17T17:24:02-06:00,773,19850.00000,1080766.62500,0.16156,5.00000,,,,
2023-02-17T17:26:09-06:00,774,19050.00000,1120750.00000,0.17457,5.25000,,,,
2023-02-17T17:28:17-06:00,775,18983.33203,1079500.00000,0.16874,5.25000,,,,
2023-02-17T17:30:25-06:00,776,18966.66602,1079850.00000,0.16894,5.50000,,,,
2023-02-17T17:32:33-06:00,777,20033.33203,1080350.00000,0.16002,5.50000,,,,
2023-02-17T17:34:40-06:00,778,18916.66602,1070733.25000,0.16795,5.75000,,,,
2023-02-17T17:36:48-06:00,779,20083.33203,1080150.00000,0.15959,5.75000,,,,
2023-02-17T17:38:56-06:00,780,19983.33203,1069333.25000,0.15878,6.00000,,,,
2023-02-17T17:41:04-06:00,781,19166.66602,1066033.25000,0.16504,6.00000,,,,
2023-02-17T17:43:11-06:00,782,20000.00000,1060300.00000,0.15731,6.25000,,,,
2023-02-17T17:45:19-06:00,783,19933.33203,1060183.25000,0.15782,6.50000,,,,
2023-02-17T17:47:27-06:00,784,19583.33203,1089750.00000,0.16512,7.00000,,,,
2023-02-17T17:49:35-06:00,785,19750.00000,1060300.00000,0.15930,7.00000,,,,
2023-02-17T17:51:42-06:00,786,20016.66602,1049733.25000,0.15561,7.25000,,,,
2023-02-17T17:53:50-06:00,787,19183.33203,1048333.31250,0.16216,7.50000,,,,
2023-02-17T17:55:58-06:00,788,20033.33203,1090166.62500,0.16147,7.50000,,,,
2023-02-17T17:58:05-06:00,789,19233.33203,1043199.93750,0.16094,7.75000,,,,
2023-02-17T18:00:13-06:00,790,19250.00000,1039833.31250,0.16028,8.00000,,,,
2023-02-17T18:02:21-06:00,791,19983.33203,1040066.62500,0.15444,8.00000,,,,
2023-02-17T18:04:29-06:00,792,19200.00000,1039783.31250,0.16069,8.25000,,,,
2023-02-17T18:06:36-06:00,793,18766.66602,1040649.93750,0.16454,8.50000,,,,
2023-02-17T18:08:44-06:00,794,19250.00000,1029216.62500,0.15865,8.50000,,,,
2023-02-17T18:10:52-06:00,795,20083.33203,1821166.62500,0.26907,8.75000,,,,
2023-02-17T18:13:00-06:00,796,20083.33203,1030449.93750,0.15225,9.00000,,,,
2023-02-17T18:15:07-06:00,797,19666.66602,1029666.62500,0.15535,9.00000,,,,
2023-02-17T18:17:15-06:00,798,20100.00000,1029799.93750,0.15202,9.25000,,,,
2023-02-17T18:19:23-06:00,799,20116.66602,1020483.31250,0.15052,9.50000,,,,
2023-02-17T18:21:30-06:00,800,20083.33203,1060133.25000,0.15663,9.75000,,,,
2023-02-17T18:23:38-06:00,801,19266.66602,1019516.62500,0.15702,9.75000,,,,
2023-02-17T18:25:46-06:00,802,20133.33203,1014866.62500,0.14957,9.75000,,,,
2023-02-17T18:27:54-06:00,803,19650.00000,1010999.93750,0.15267,10.00000,,,,
2023-02-17T18:30:02-06:00,804,19366.66602,1011649.93750,0.15500,10.00000,,,,
2023-02-17T18:32:10-06:00,805,20183.33203,1012983.31250,0.14892,10.25000,,,,
2023-02-17T18:34:17-06:00,806,19350.00000,1009899.93750,0.15486,10.50000,,,,
2023-02-17T18:36:25-06:00,807,20133.33203,1010899.93750,0.14899,10.75000,,,,
2023-02-17T18:38:33-06:00,808,20150.00000,1009933.31250,0.14872,10.75000,,,,
2023-02-17T18:40:41-06:00,809,20150.00000,1008949.93750,0.14858,11.00000,,,,
2023-02-17T18:42:48-06:00,810,20166.66602,1000783.31250,0.14725,11.00000,,,,
2023-02-17T18:44:56-06:00,811,19366.66602,1000349.93750,0.15327,11.25000,,,,
2023-02-17T18:47:04-06:00,812,19783.33203,998583.31250,0.14978,11.25000,,,,
2023-02-17T18:49:12-06:00,813,20183.33203,1000299.93750,0.14706,11.50000,,,,
2023-02-17T18:51:19-06:00,814,20200.00000,1001016.62500,0.14704,11.75000,,,,
2023-02-17T18:53:27-06:00,815,19716.66602,1000916.62500,0.15063,12.00000,,,,
2023-02-17T18:55:35-06:00,816,20183.33203,1008449.93750,0.14826,12.25000,,,,
2023-02-17T18:57:42-06:00,817,19300.00000,998966.62500,0.15358,12.75000,,,,
2023-02-17T18:59:50-06:00,818,20216.66602,992083.31250,0.14561,13.00000,,,,
2023-02-17T19:01:58-06:00,819,19400.00000,991433.31250,0.15164,12.50000,,,,
2023-02-17T19:04:06-06:00,820,19466.66602,988649.93750,0.15070,12.75000,,,,
2023-02-17T19:06:13-06:00,821,20250.00000,989283.31250,0.14496,13.00000,,,,
2023-02-17T19:08:21-06:00,822,19483.33203,742366.62500,0.11306,13.00000,,,,
2023-02-17T19:10:29-06:00,823,20216.66602,988099.93750,0.14503,13.00000,,,,
2023-02-17T19:12:37-06:00,824,20200.00000,985216.62500,0.14472,13.25000,,,,
2023-02-17T19:14:44-06:00,825,19816.66602,989199.93750,0.14812,13.25000,,,,
2023-02-17T19:16:52-06:00,826,19433.33203,981249.93750,0.14983,13.25000,,,,
2023-02-17T19:19:00-06:00,827,19816.66602,987849.93750,0.14792,13.50000,,,,
2023-02-17T19:21:08-06:00,828,20233.33203,980883.31250,0.14385,13.75000,,,,
2023-02-17T19:23:15-06:00,829,20250.00000,961958.31250,0.14096,13.50000,,,,
2023-02-17T19:25:23-06:00,830,19466.66602,979316.62500,0.14927,13.50000,,,,
2023-02-17T19:27:31-06:00,831,20300.00000,979249.93750,0.14314,13.50000,,,,
2023-02-17T19:29:39-06:00,832,19433.33203,980766.62500,0.14975,13.50000,,,,
2023-02-17T19:31:46-06:00,833,19866.66602,979666.62500,0.14632,13.75000,,,,
2023-02-17T19:33:54-06:00,834,20283.33203,979549.93750,0.14330,13.75000,,,,
2023-02-17T19:36:02-06:00,835,19300.00000,979783.31250,0.15064,14.00000,,,,
2023-02-17T19:38:09-06:00,836,20250.00000,1018949.93750,0.14931,14.00000,,,,
2023-02-17T19:40:17-06:00,837,20283.33203,979616.62500,0.14331,14.25000,,,,
2023-02-17T19:42:25-06:00,838,20300.00000,979883.31250,0.14323,14.25000,,,,
2023-02-17T19:44:33-06:00,839,19833.33203,979699.93750,0.14657,14.25000,,,,
2023-02-17T19:46:40-06:00,840,19850.00000,971433.31250,0.14521,14.25000,,,,
2023-02-17T19:48:48-06:00,841,20316.66602,973916.62500,0.14224,14.25000,,,,
2023-02-17T19:50:56-06:00,842,19883.33203,979599.93750,0.14619,14.50000,,,,
2023-02-17T19:53:04-06:00,843,19983.33203,971316.62500,0.14423,14.50000,,,,
2023-02-17T19:55:11-06:00,844,19533.33203,971966.62500,0.14765,14.50000,,,,
2023-02-17T19:57:19-06:00,845,20333.33203,974499.93750,0.14221,14.75000,,,,
2023-02-17T19:59:27-06:00,846,19350.00000,975483.31250,0.14959,14.75000,,,,
2023-02-17T20:01:35-06:00,847,20333.33203,970333.31250,0.14160,14.75000,,,,
2023-02-17T20:03:42-06:00,848,19500.00000,970416.62500,0.14767,15.00000,,,,
2023-02-17T20:05:50-06:00,849,19516.66602,932866.62500,0.14183,15.00000,,,,
2023-02-17T20:07:58-06:00,850,20333.33203,955799.93750,0.13948,15.00000,,,,
2023-02-17T20:10:05-06:00,851,20350.00000,973099.93750,0.14189,15.00000,,,,
2023-02-17T20:12:13-06:00,852,19516.66602,972149.93750,0.14780,15.25000,,,,
2023-02-17T20:14:21-06:00,853,19900.00000,972099.93750,0.14495,15.00000,,,,
2023-02-17T20:16:29-06:00,854,20066.66602,970783.31250,0.14355,15.00000,,,,
2023-02-17T20:18:36-06:00,855,20350.00000,968966.62500,0.14129,15.00000,,,,
2023-02-17T20:20:44-06:00,856,19550.00000,966566.62500,0.14670,15.00000,,,,
2023-02-17T20:22:52-06:00,857,19916.66602,965266.62500,0.14381,15.25000,,,,
2023-02-17T20:25:00-06:00,858,20333.33203,963116.62500,0.14055,15.25000,,,,
2023-02-17T20:27:07-06:00,859,19700.00000,964816.62500,0.14532,15.25000,,,,
2023-02-17T20:29:15-06:00,860,19650.00000,965316.62500,0.14577,15.25000,,,,
2023-02-17T20:31:23-06:00,861,20383.33203,966316.62500,0.14067,15.50000,,,,
2023-02-17T20:33:31-06:00,862,19600.00000,952599.93750,0.14421,15.50000,,,,
2023-02-17T20:35:38-06:00,863,19633.33203,925849.93750,0.13993,15.50000,,,,
2023-02-17T20:37:46-06:00,864,20383.33203,967866.62500,0.14089,15.50000,,,,
2023-02-17T20:39:54-06:00,865,20416.66602,958349.93750,0.13928,15.75000,,,,
2023-02-17T20:42:02-06:00,866,20400.00000,959699.93750,0.13959,15.75000,,,,
2023-02-17T20:44:09-06:00,867,20400.00000,959216.62500,0.13952,15.75000,,,,
2023-02-17T20:46:17-06:00,868,20416.66602,953483.31250,0.13857,15.75000,,,,
2023-02-17T20:48:25-06:00,869,20300.00000,959066.62500,0.14019,16.00000,,,,
2023-02-17T20:50:32-06:00,870,20416.66602,1006366.62500,0.14626,16.00000,,,,
2023-02-17T20:52:40-06:00,871,19583.33203,960066.62500,0.14547,15.75000,,,,
2023-02-17T20:54:48-06:00,872,20000.00000,959649.93750,0.14238,15.75000,,,,
2023-02-17T20:56:56-06:00,873,20416.66602,960066.62500,0.13953,16.00000,,,,
2023-02-17T20:59:03-06:00,874,20400.00000,959099.93750,0.13950,16.00000,,,,
2023-02-17T21:01:11-06:00,875,20416.66602,959516.62500,0.13945,16.00000,,,,
2023-02-17T21:03:19-06:00,876,20383.33203,1834916.62500,0.26711,16.00000,,,,
2023-02-17T21:05:27-06:00,877,20216.66602,959916.62500,0.14089,16.00000,,,,
2023-02-17T21:07:34-06:00,878,19700.00000,962449.93750,0.14497,16.00000,,,,
2023-02-17T21:09:42-06:00,879,19600.00000,959033.31250,0.14519,16.00000,,,,
2023-02-17T21:11:50-06:00,880,19616.66602,961166.62500,0.14539,16.00000,,,,
2023-02-17T21:13:57-06:00,881,19650.00000,960249.93750,0.14500,16.00000,,,,
2023-02-17T21:16:07-06:00,882,19616.66602,961199.93750,0.14539,16.00000,,,,
2023-02-17T21:18:17-06:00,883,20383.33203,718500.00000,0.10459,16.00000,,,,
2023-02-17T21:20:25-06:00,884,20400.00000,959649.93750,0.13958,16.25000,,,,
2023-02-17T21:22:33-06:00,885,20416.66602,960083.31250,0.13953,16.25000,,,,
2023-02-17T21:24:41-06:00,886,19800.00000,999933.31250,0.14985,16.25000,,,,
2023-02-17T21:26:48-06:00,887,19983.33203,877416.62500,0.13028,16.25000,,,,
2023-02-17T21:28:56-06:00,888,20383.33203,959316.62500,0.13965,16.25000,,,,
2023-02-17T21:31:04-06:00,889,20416.66602,960333.31250,0.13957,16.25000,,,,
2023-02-17T21:33:11-06:00,890,19600.00000,959916.62500,0.14532,16.50000,,,,
2023-02-17T21:35:19-06:00,891,20000.00000,1665316.62500,0.24707,16.50000,,,,
2023-02-17T21:37:27-06:00,892,19750.00000,960083.31250,0.14424,16.50000,,,,
2023-02-17T21:39:35-06:00,893,19666.66602,960133.31250,0.14486,16.75000,,,,
2023-02-17T21:41:42-06:00,894,20383.33203,950433.31250,0.13836,16.75000,,,,
2023-02-17T21:43:50-06:00,895,20400.00000,959616.62500,0.13958,16.75000,,,,
2023-02-17T21:45:58-06:00,896,19633.33203,959549.93750,0.14502,16.50000,,,,
2023-02-17T21:48:06-06:00,897,20416.66602,931833.31250,0.13543,16.75000,,,,
2023-02-17T21:50:13-06:00,898,20450.00000,951616.62500,0.13808,17.00000,,,,
2023-02-17T21:52:21-06:00,899,19766.66602,959516.62500,0.14404,17.25000,,,,
2023-02-17T21:54:29-06:00,900,19700.00000,951824.93750,0.14337,17.25000,,,,
2023-02-17T21:56:37-06:00,901,20400.00000,959766.62500,0.13960,17.25000,,,,
2023-02-17T21:58:44-06:00,902,20450.00000,959716.62500,0.13925,17.25000,,,,
2023-02-17T22:00:52-06:00,903,20400.00000,950966.62500,0.13832,17.50000,,,,
2023-02-17T22:03:00-06:00,904,19700.00000,950483.31250,0.14316,17.25000,,,,
2023-02-17T22:05:08-06:00,905,20250.00000,960316.62500,0.14072,17.50000,,,,
2023-02-17T22:07:15-06:00,906,20050.00000,959233.31250,0.14196,17.50000,,,,
2023-02-17T22:09:23-06:00,907,20216.66602,960033.31250,0.14091,17.50000,,,,
2023-02-17T22:11:31-06:00,908,20466.66602,959816.62500,0.13915,17.50000,,,,
2023-02-17T22:13:38-06:00,909,19666.66602,734991.62500,0.11089,17.50000,,,,
2023-02-17T22:15:46-06:00,910,20716.66602,1000983.31250,0.14337,17.50000,,,,
2023-02-17T22:17:54-06:00,911,19700.00000,1000999.93750,0.15077,17.50000,,,,
2023-02-17T22:20:02-06:00,912,20433.33203,1003483.31250,0.14572,17.25000,,,,
2023-02-17T22:22:09-06:00,913,19666.66602,959899.93750,0.14483,17.25000,,,,
2023-02-17T22:24:17-06:00,914,20433.33203,952016.62500,0.13825,17.25000,,,,
2023-02-17T22:26:25-06:00,915,20583.33203,959816.62500,0.13837,17.00000,,,,
2023-02-17T22:28:33-06:00,916,20033.33203,960383.31250,0.14225,17.00000,,,,
2023-02-17T22:30:40-06:00,917,20400.00000,951016.62500,0.13833,16.75000,,,,
2023-02-17T22:32:48-06:00,918,20483.33203,959383.31250,0.13898,16.75000,,,,
2023-02-17T22:34:56-06:00,919,20033.33203,959883.31250,0.14217,16.75000,,,,
2023-02-17T22:37:04-06:00,920,19816.66602,961099.93750,0.14391,16.75000,,,,
2023-02-17T22:39:11-06:00,921,20450.00000,959749.93750,0.13926,16.75000,,,,
2023-02-17T22:41:19-06:00,922,20483.33203,940516.62500,0.13625,16.75000,,,,
2023-02-17T22:43:27-06:00,923,20283.33203,1000983.31250,0.14643,16.75000,,,,
2023-02-17T22:45:34-06:00,924,20266.66602,959999.93750,0.14055,16.75000,,,,
2023-02-17T22:47:42-06:00,925,20200.00000,959783.31250,0.14099,16.75000,,,,
2023-02-17T22:49:50-06:00,926,19616.66602,950099.93750,0.14371,16.75000,,,,
2023-02-17T22:51:58-06:00,927,19766.66602,960016.62500,0.14411,16.75000,,,,
2023-02-17T22:54:05-06:00,928,19716.66602,959733.31250,0.14443,16.75000,,,,
2023-02-17T22:56:13-06:00,929,20450.00000,952516.62500,0.13821,17.00000,,,,
2023-02-17T22:58:21-06:00,930,19766.66602,959849.93750,0.14409,16.75000,,,,
2023-02-17T23:00:29-06:00,931,20433.33203,959716.62500,0.13937,16.75000,,,,
2023-02-17T23:02:36-06:00,932,19716.66602,932149.93750,0.14028,17.00000,,,,
2023-02-17T23:04:44-06:00,933,19683.33203,999049.93750,0.15061,16.75000,,,,
2023-02-17T23:06:52-06:00,934,20033.33203,838999.93750,0.12427,16.75000,,,,
2023-02-17T23:09:00-06:00,935,20466.66602,819583.31250,0.11882,17.00000,,,,
2023-02-17T23:11:07-06:00,936,20450.00000,999449.93750,0.14502,17.00000,,,,
2023-02-17T23:13:15-06:00,937,19700.00000,959799.93750,0.14457,17.00000,,,,
2023-02-17T23:15:23-06:00,938,20400.00000,960183.31250,0.13966,17.00000,,,,
2023-02-17T23:17:30-06:00,939,20500.00000,959999.93750,0.13895,17.00000,,,,
2023-02-17T23:19:38-06:00,940,20516.66602,959916.62500,0.13883,17.00000,,,,
2023-02-17T23:21:46-06:00,941,19750.00000,959649.93750,0.14418,17.00000,,,,
2023-02-17T23:23:54-06:00,942,19733.33203,959383.31250,0.14426,17.00000,,,,
2023-02-17T23:26:02-06:00,943,20466.66602,960508.31250,0.13925,17.00000,,,,
2023-02-17T23:28:09-06:00,944,20500.00000,959749.93750,0.13892,17.00000,,,,
2023-02-17T23:30:17-06:00,945,19766.66602,960083.31250,0.14412,17.00000,,,,
2023-02-17T23:32:25-06:00,946,19550.00000,960199.93750,0.14574,17.00000,,,,
2023-02-17T23:34:32-06:00,947,20500.00000,950449.93750,0.13757,17.00000,,,,
2023-02-17T23:36:40-06:00,948,20466.66602,959999.93750,0.13918,17.00000,,,,
2023-02-17T23:38:48-06:00,949,20100.00000,958916.62500,0.14156,17.00000,,,,
2023-02-17T23:40:56-06:00,950,20500.00000,960233.31250,0.13899,17.00000,,,,
2023-02-17T23:43:03-06:00,951,20533.33203,950849.93750,0.13741,17.00000,,,,
2023-02-17T23:45:11-06:00,952,20700.00000,999583.31250,0.14329,17.00000,,,,
2023-02-17T23:47:19-06:00,953,20516.66602,959899.93750,0.13883,17.00000,,,,
2023-02-17T23:49:26-06:00,954,20366.66602,959716.62500,0.13982,17.00000,,,,
2023-02-17T23:51:34-06:00,955,20500.00000,959549.93750,0.13889,17.00000,,,,
2023-02-17T23:53:42-06:00,956,20483.33203,960249.93750,0.13910,17.00000,,,,
2023-02-17T23:55:50-06:00,957,19750.00000,960249.93750,0.14427,17.00000,,,,
2023-02-17T23:57:57-06:00,958,19733.33203,959849.93750,0.14433,17.00000,,,,
2023-02-18T00:00:05-06:00,959,20516.66602,951183.31250,0.13757,17.00000,,,,
2023-02-18T00:02:13-06:00,960,19850.00000,950199.93750,0.14204,17.00000,,,,
2023-02-18T00:04:21-06:00,961,20533.33203,960016.62500,0.13873,17.00000,,,,
2023-02-18T00:06:28-06:00,962,20516.66602,959649.93750,0.13879,17.00000,,,,
2023-02-18T00:08:36-06:00,963,19750.00000,960233.31250,0.14427,17.00000,,,,
2023-02-18T00:10:44-06:00,964,20383.33203,959799.93750,0.13972,17.00000,,,,
2023-02-18T00:12:52-06:00,965,20533.33203,1000183.31250,0.14454,17.00000,,,,
2023-02-18T00:14:59-06:00,966,19783.33203,727500.00000,0.10912,17.00000,,,,
2023-02-18T00:17:07-06:00,967,19766.66602,999649.93750,0.15006,17.00000,,,,
2023-02-18T00:19:15-06:00,968,19700.00000,959199.93750,0.14448,17.00000,,,,
2023-02-18T00:21:22-06:00,969,19750.00000,959916.62500,0.14422,17.00000,,,,
2023-02-18T00:23:30-06:00,970,19800.00000,959199.93750,0.14375,17.00000,,,,
2023-02-18T00:25:38-06:00,971,20550.00000,951116.62500,0.13733,17.00000,,,,
2023-02-18T00:27:46-06:00,972,19733.33203,879083.31250,0.13219,17.00000,,,,
2023-02-18T00:29:53-06:00,973,20516.66602,959699.93750,0.13880,17.00000,,,,
2023-02-18T00:32:01-06:00,974,19716.66602,958283.31250,0.14422,17.00000,,,,
2023-02-18T00:34:09-06:00,975,20533.33203,959833.31250,0.13870,17.00000,,,,
2023-02-18T00:36:16-06:00,976,19783.33203,950766.62500,0.14260,17.00000,,,,
2023-02-18T00:38:24-06:00,977,20116.66602,959583.31250,0.14154,17.00000,,,,
2023-02-18T00:40:32-06:00,978,20533.33203,1011066.62500,0.14611,17.00000,,,,
2023-02-18T00:42:40-06:00,979,19816.66602,959899.93750,0.14373,17.00000,,,,
2023-02-18T00:44:47-06:00,980,20533.33203,960399.93750,0.13879,17.00000,,,,
2023-02-18T00:46:55-06:00,981,20516.66602,960699.93750,0.13894,17.00000,,,,
2023-02-18T00:49:03-06:00,982,20550.00000,960399.93750,0.13867,17.00000,,,,
2023-02-18T00:51:11-06:00,983,19783.33203,960066.62500,0.14400,17.00000,,,,
2023-02-18T00:53:18-06:00,984,19783.33203,959033.31250,0.14384,17.00000,,,,
2023-02-18T00:55:26-06:00,985,20566.66602,959733.31250,0.13847,17.00000,,,,
2023-02-18T00:57:34-06:00,986,19783.33203,959716.62500,0.14395,17.00000,,,,
2023-02-18T00:59:42-06:00,987,19766.66602,959666.62500,0.14406,17.00000,,,,
2023-02-18T01:01:49-06:00,988,20550.00000,950016.62500,0.13717,17.00000,,,,
2023-02-18T01:03:57-06:00,989,20533.33203,959049.93750,0.13859,17.00000,,,,
2023-02-18T01:06:05-06:00,990,20133.33203,873283.31250,0.12870,17.00000,,,,
2023-02-18T01:08:13-06:00,991,19783.33203,959783.31250,0.14396,17.00000,,,,
2023-02-18T01:10:20-06:00,992,20333.33203,959849.93750,0.14007,17.00000,,,,
2023-02-18T01:12:28-06:00,993,20533.33203,959433.31250,0.13865,17.00000,,,,
2023-02-18T01:14:36-06:00,994,19716.66602,734000.00000,0.11046,17.00000,,,,
2023-02-18T01:16:44-06:00,995,20500.00000,959949.93750,0.13895,17.00000,,,,
2023-02-18T01:18:51-06:00,996,20566.66602,959083.31250,0.13837,17.00000,,,,
2023-02-18T01:21:00-06:00,997,19950.00000,959016.62500,0.14264,17.00000,,,,
2023-02-18T01:23:07-06:00,998,20150.00000,959599.93750,0.14131,17.00000,,,,
2023-02-18T01:25:15-06:00,999,20583.33203,960166.62500,0.13842,17.00000,,,,
2023-02-18T01:27:23-06:00,1000,20383.33203,950583.31250,0.13838,17.00000,,,,
2023-02-18T01:29:31-06:00,1001,20566.66602,950333.31250,0.13711,17.00000,,,,
2023-02-18T01:31:38-06:00,1002,19816.66602,959833.31250,0.14372,17.00000,,,,
2023-02-18T01:33:46-06:00,1003,20166.66602,959883.31250,0.14123,17.00000,,,,
2023-02-18T01:35:54-06:00,1004,19950.00000,965183.31250,0.14356,17.00000,,,,
2023-02-18T01:38:01-06:00,1005,20033.33203,947216.62500,0.14030,17.00000,,,,
2023-02-18T01:40:09-06:00,1006,19816.66602,1000866.62500,0.14987,17.00000,,,,
2023-02-18T01:42:17-06:00,1007,20583.33203,968083.31250,0.13956,17.00000,,,,
2023-02-18T01:44:25-06:00,1008,20600.00000,960399.93750,0.13834,17.00000,,,,
2023-02-18T01:46:32-06:00,1009,20400.00000,959783.31250,0.13960,17.00000,,,,
2023-02-18T01:48:40-06:00,1010,19833.33203,960533.31250,0.14370,17.00000,,,,
2023-02-18T01:50:48-06:00,1011,20466.66602,960533.31250,0.13926,17.00000,,,,
2023-02-18T01:52:56-06:00,1012,19850.00000,959849.93750,0.14348,17.00000,,,,
2023-02-18T01:55:03-06:00,1013,20400.00000,959549.93750,0.13957,17.00000,,,,
2023-02-18T01:57:11-06:00,1014,20616.66602,929266.62500,0.13374,17.00000,,,,
2023-02-18T01:59:19-06:00,1015,19750.00000,958616.62500,0.14402,17.00000,,,,
2023-02-18T02:01:27-06:00,1016,19833.33203,961099.93750,0.14379,17.00000,,,,
2023-02-18T02:03:34-06:00,1017,19816.66602,960249.93750,0.14378,17.00000,,,,
2023-02-18T02:05:42-06:00,1018,20583.33203,970016.62500,0.13984,17.00000,,,,
2023-02-18T02:07:50-06:00,1019,20600.00000,970066.62500,0.13973,17.00000,,,,
2023-02-18T02:09:58-06:00,1020,20200.00000,960083.31250,0.14103,17.00000,,,,
2023-02-18T02:12:05-06:00,1021,19883.33203,970549.93750,0.14484,17.00000,,,,
2023-02-18T02:14:13-06:00,1022,19866.66602,959883.31250,0.14337,17.00000,,,,
2023-02-18T02:16:21-06:00,1023,19783.33203,968999.93750,0.14534,17.00000,,,,
2023-02-18T02:18:28-06:00,1024,20533.33203,960366.62500,0.13878,17.00000,,,,
2023-02-18T02:20:36-06:00,1025,20383.33203,960449.93750,0.13982,17.25000,,,,
2023-02-18T02:22:44-06:00,1026,19783.33203,960633.31250,0.14408,17.25000,,,,
2023-02-18T02:24:52-06:00,1027,20600.00000,970299.93750,0.13976,17.25000,,,,
2023-02-18T02:26:59-06:00,1028,20583.33203,960549.93750,0.13847,17.25000,,,,
2023-02-18T02:29:07-06:00,1029,19883.33203,959883.31250,0.14325,17.25000,,,,
2023-02-18T02:31:15-06:00,1030,19850.00000,1009433.31250,0.15089,17.25000,,,,
2023-02-18T02:33:23-06:00,1031,20216.66602,970316.62500,0.14242,17.25000,,,,
2023-02-18T02:35:30-06:00,1032,20600.00000,965949.93750,0.13914,17.25000,,,,
2023-02-18T02:37:38-06:00,1033,19866.66602,959549.93750,0.14332,17.25000,,,,
2023-02-18T02:39:46-06:00,1034,20616.66602,960499.93750,0.13824,17.25000,,,,
2023-02-18T02:41:54-06:00,1035,20233.33203,960233.31250,0.14082,17.25000,,,,
2023-02-18T02:44:01-06:00,1036,20400.00000,960699.93750,0.13974,17.25000,,,,
2023-02-18T02:46:09-06:00,1037,19883.33203,959499.93750,0.14319,17.25000,,,,
2023-02-18T02:48:17-06:00,1038,20600.00000,960566.62500,0.13836,17.25000,,,,
2023-02-18T02:50:25-06:00,1039,20616.66602,960983.31250,0.13831,17.25000,,,,
2023-02-18T02:52:32-06:00,1040,20483.33203,960299.93750,0.13911,17.25000,,,,
2023-02-18T02:54:40-06:00,1041,19850.00000,1009849.93750,0.15096,17.25000,,,,
2023-02-18T02:56:48-06:00,1042,20583.33203,960516.62500,0.13847,17.25000,,,,
2023-02-18T02:58:56-06:00,1043,20666.66602,961266.62500,0.13802,17.25000,,,,
2023-02-18T03:01:03-06:00,1044,20633.33203,930433.31250,0.13380,17.25000,,,,
2023-02-18T03:03:11-06:00,1045,19900.00000,959616.62500,0.14309,17.25000,,,,
2023-02-18T03:05:19-06:00,1046,20616.66602,970141.62500,0.13963,17.25000,,,,
2023-02-18T03:07:27-06:00,1047,20633.33203,1009716.62500,0.14521,17.25000,,,,
2023-02-18T03:09:34-06:00,1048,19816.66602,970066.62500,0.14525,17.25000,,,,
2023-02-18T03:11:42-06:00,1049,19866.66602,969749.93750,0.14484,17.25000,,,,
2023-02-18T03:13:50-06:00,1050,20033.33203,969299.93750,0.14357,17.00000,,,,
2023-02-18T03:15:57-06:00,1051,19600.00000,969983.31250,0.14685,17.25000,,,,
2023-02-18T03:18:05-06:00,1052,20533.33203,969799.93750,0.14015,17.00000,,,,
2023-02-18T03:20:13-06:00,1053,20633.33203,969499.93750,0.13942,17.25000,,,,
2023-02-18T03:22:21-06:00,1054,19883.33203,969666.62500,0.14471,17.25000,,,,
2023-02-18T03:24:28-06:00,1055,20633.33203,969716.62500,0.13945,17.25000,,,,
2023-02-18T03:26:36-06:00,1056,20783.33203,970149.93750,0.13851,17.00000,,,,
2023-02-18T03:28:44-06:00,1057,20550.00000,961099.93750,0.13878,17.25000,,,,
2023-02-18T03:30:52-06:00,1058,20666.66602,730416.62500,0.10487,17.25000,,,,
2023-02-18T03:32:59-06:00,1059,20666.66602,1020933.31250,0.14658,17.25000,,,,
2023-02-18T03:35:07-06:00,1060,20666.66602,929216.62500,0.13341,17.00000,,,,
2023-02-18T03:37:15-06:00,1061,20783.33203,969149.93750,0.13837,17.00000,,,,
2023-02-18T03:39:23-06:00,1062,20283.33203,969599.93750,0.14184,17.25000,,,,
2023-02-18T03:41:30-06:00,1063,20233.33203,969499.93750,0.14218,17.00000,,,,
2023-02-18T03:43:38-06:00,1064,20666.66602,969266.62500,0.13916,17.00000,,,,
2023-02-18T03:45:46-06:00,1065,20650.00000,970966.62500,0.13952,17.25000,,,,
2023-02-18T03:47:53-06:00,1066,20350.00000,970299.93750,0.14148,17.00000,,,,
2023-02-18T03:50:01-06:00,1067,20766.66602,969849.93750,0.13858,17.00000,,,,
2023-02-18T03:52:09-06:00,1068,20416.66602,967383.31250,0.14059,17.00000,,,,
2023-02-18T03:54:17-06:00,1069,20700.00000,958866.62500,0.13745,17.00000,,,,
2023-02-18T03:56:24-06:00,1070,20666.66602,969516.62500,0.13920,17.25000,,,,
2023-02-18T03:58:32-06:00,1071,20700.00000,970666.62500,0.13914,17.00000,,,,
2023-02-18T04:00:40-06:00,1072,20366.66602,968733.31250,0.14114,17.25000,,,,
2023-02-18T04:02:48-06:00,1073,20700.00000,1009633.31250,0.14473,17.25000,,,,
2023-02-18T04:04:55-06:00,1074,19933.33203,1020266.62500,0.15188,17.25000,,,,
2023-02-18T04:07:03-06:00,1075,20700.00000,1011649.93750,0.14502,17.25000,,,,
2023-02-18T04:09:11-06:00,1076,20700.00000,940183.31250,0.13477,17.25000,,,,
2023-02-18T04:11:19-06:00,1077,20033.33203,907766.62500,0.13445,17.25000,,,,
2023-02-18T04:13:26-06:00,1078,19933.33203,927716.62500,0.13810,17.25000,,,,
2023-02-18T04:15:34-06:00,1079,20700.00000,969683.31250,0.13900,17.00000,,,,
2023-02-18T04:17:42-06:00,1080,19916.66602,969566.62500,0.14445,17.25000,,,,
2023-02-18T04:19:49-06:00,1081,20700.00000,970016.62500,0.13905,17.25000,,,,
2023-02-18T04:21:57-06:00,1082,20066.66602,1020733.31250,0.15094,17.25000,,,,
2023-02-18T04:24:05-06:00,1083,20700.00000,969883.31250,0.13903,17.00000,,,,
2023-02-18T04:26:13-06:00,1084,19950.00000,969499.93750,0.14420,17.00000,,,,
2023-02-18T04:28:20-06:00,1085,19966.66602,969299.93750,0.14405,17.25000,,,,
2023-02-18T04:30:28-06:00,1086,20666.66602,969233.31250,0.13916,17.25000,,,,
2023-02-18T04:32:36-06:00,1087,20600.00000,970583.31250,0.13980,17.25000,,,,
2023-02-18T04:34:44-06:00,1088,20483.33203,971449.93750,0.14073,17.00000,,,,
2023-02-18T04:36:51-06:00,1089,19950.00000,969866.62500,0.14425,17.00000,,,,
2023-02-18T04:38:59-06:00,1090,19966.66602,969516.62500,0.14408,17.00000,,,,
2023-02-18T04:41:07-06:00,1091,19900.00000,969799.93750,0.14461,17.00000,,,,
2023-02-18T04:43:15-06:00,1092,20433.33203,949566.62500,0.13789,17.25000,,,,
2023-02-18T04:45:22-06:00,1093,20533.33203,970166.62500,0.14020,17.00000,,,,
2023-02-18T04:47:30-06:00,1094,20983.33203,979566.62500,0.13852,17.00000,,,,
2023-02-18T04:49:38-06:00,1095,20700.00000,969166.62500,0.13893,17.00000,,,,
2023-02-18T04:51:46-06:00,1096,20083.33203,969733.31250,0.14328,17.00000,,,,
2023-02-18T04:53:53-06:00,1097,20316.66602,969699.93750,0.14163,17.00000,,,,
2023-02-18T04:56:01-06:00,1098,19933.33203,969149.93750,0.14427,17.00000,,,,
2023-02-18T04:58:09-06:00,1099,20383.33203,979899.93750,0.14265,17.00000,,,,
2023-02-18T05:00:16-06:00,1100,20700.00000,969599.93750,0.13899,17.00000,,,,
2023-02-18T05:02:24-06:00,1101,19933.33203,969599.93750,0.14433,17.00000,,,,
2023-02-18T05:04:32-06:00,1102,20716.66602,969783.31250,0.13890,17.00000,,,,
2023-02-18T05:06:40-06:00,1103,19983.33203,970333.31250,0.14408,17.00000,,,,
2023-02-18T05:08:47-06:00,1104,20650.00000,970049.93750,0.13939,17.00000,,,,
2023-02-18T05:10:55-06:00,1105,19966.66602,969199.93750,0.14403,17.00000,,,,
2023-02-18T05:13:03-06:00,1106,20633.33203,971383.31250,0.13969,17.00000,,,,
2023-02-18T05:15:10-06:00,1107,20300.00000,971333.31250,0.14198,17.00000,,,,
2023-02-18T05:17:18-06:00,1108,19983.33203,970283.31250,0.14407,17.00000,,,,
2023-02-18T05:19:26-06:00,1109,20616.66602,969666.62500,0.13956,17.00000,,,,
2023-02-18T05:21:34-06:00,1110,19950.00000,970199.93750,0.14430,17.00000,,,,
2023-02-18T05:23:41-06:00,1111,20583.33203,970149.93750,0.13986,17.00000,,,,
2023-02-18T05:25:49-06:00,1112,20716.66602,969216.62500,0.13882,17.00000,,,,
2023-02-18T05:27:57-06:00,1113,19950.00000,970183.31250,0.14430,17.00000,,,,
2023-02-18T05:30:05-06:00,1114,20000.00000,969883.31250,0.14389,17.00000,,,,
2023-02-18T05:32:12-06:00,1115,19966.66602,1011049.93750,0.15025,17.00000,,,,
2023-02-18T05:34:20-06:00,1116,19966.66602,1010699.93750,0.15020,17.00000,,,,
2023-02-18T05:36:28-06:00,1117,20750.00000,969766.62500,0.13868,17.00000,,,,
2023-02-18T05:38:35-06:00,1118,19983.33203,969099.93750,0.14390,17.00000,,,,
2023-02-18T05:40:43-06:00,1119,20650.00000,970399.93750,0.13944,17.00000,,,,
2023-02-18T05:42:51-06:00,1120,19916.66602,969916.62500,0.14450,17.00000,,,,
2023-02-18T05:44:59-06:00,1121,20016.66602,969366.62500,0.14370,17.00000,,,,
2023-02-18T05:47:06-06:00,1122,20283.33203,969433.31250,0.14182,17.00000,,,,
2023-02-18T05:49:14-06:00,1123,20716.66602,969949.93750,0.13893,17.00000,,,,
2023-02-18T05:51:22-06:00,1124,20750.00000,969599.93750,0.13865,17.00000,,,,
2023-02-18T05:53:30-06:00,1125,19966.66602,970549.93750,0.14423,17.00000,,,,
2023-02-18T05:55:37-06:00,1126,20933.33203,969783.31250,0.13746,17.00000,,,,
2023-02-18T05:57:45-06:00,1127,20716.66602,971416.62500,0.13914,17.00000,,,,
2023-02-18T05:59:53-06:00,1128,19983.33203,948116.62500,0.14078,17.00000,,,,
2023-02-18T06:02:01-06:00,1129,20533.33203,969916.62500,0.14016,17.00000,,,,
2023-02-18T06:04:08-06:00,1130,20533.33203,968649.93750,0.13998,17.00000,,,,
2023-02-18T06:06:16-06:00,1131,20750.00000,969616.62500,0.13866,17.00000,,,,
2023-02-18T06:08:24-06:00,1132,20733.33203,969099.93750,0.13869,17.00000,,,,
2023-02-18T06:10:32-06:00,1133,20733.33203,969716.62500,0.13878,17.00000,,,,
2023-02-18T06:12:39-06:00,1134,19983.33203,969649.93750,0.14398,17.00000,,,,
2023-02-18T06:14:47-06:00,1135,20000.00000,969916.62500,0.14390,17.00000,,,,
2023-02-18T06:16:55-06:00,1136,20733.33203,958933.31250,0.13724,17.00000,,,,
2023-02-18T06:21:14-06:00,1137,20733.33203,968966.62500,0.13867,17.00000,,,,
2023-02-18T06:23:22-06:00,1138,20000.00000,960449.93750,0.14250,17.00000,,,,
2023-02-18T06:25:30-06:00,1139,20750.00000,969749.93750,0.13867,17.00000,,,,
2023-02-18T06:27:37-06:00,1140,20333.33203,969199.93750,0.14144,17.00000,,,,
2023-02-18T06:29:45-06:00,1141,20516.66602,969499.93750,0.14022,17.00000,,,,
2023-02-18T06:31:53-06:00,1142,20033.33203,969216.62500,0.14356,17.25000,,,,
2023-02-18T06:34:00-06:00,1143,20750.00000,1010566.62500,0.14451,17.00000,,,,
2023-02-18T06:36:08-06:00,1144,20750.00000,969899.93750,0.13870,17.00000,,,,
2023-02-18T06:38:16-06:00,1145,20750.00000,971049.93750,0.13886,17.00000,,,,
2023-02-18T06:40:24-06:00,1146,20516.66602,969291.62500,0.14019,17.00000,,,,
2023-02-18T06:42:31-06:00,1147,20016.66602,969266.62500,0.14368,17.00000,,,,
2023-02-18T06:44:39-06:00,1148,20750.00000,979816.62500,0.14011,17.00000,,,,
2023-02-18T06:46:47-06:00,1149,20083.33203,969649.93750,0.14326,17.00000,,,,
2023-02-18T06:48:55-06:00,1150,20783.33203,962916.62500,0.13748,17.00000,,,,
2023-02-18T06:51:02-06:00,1151,20000.00000,967733.31250,0.14358,17.00000,,,,
2023-02-18T06:53:10-06:00,1152,20000.00000,969233.31250,0.14380,17.00000,,,,
2023-02-18T06:55:18-06:00,1153,20966.66602,969866.62500,0.13726,17.00000,,,,
2023-02-18T06:57:26-06:00,1154,20966.66602,968649.93750,0.13709,17.00000,,,,
2023-02-18T06:59:33-06:00,1155,20583.33203,969049.93750,0.13970,17.00000,,,,
2023-02-18T07:01:41-06:00,1156,20750.00000,968366.62500,0.13848,17.00000,,,,
2023-02-18T07:03:49-06:00,1157,20766.66602,970466.62500,0.13867,17.00000,,,,
2023-02-18T07:05:57-06:00,1158,20766.66602,968249.93750,0.13835,17.00000,,,,
2023-02-18T07:08:04-06:00,1159,20750.00000,962499.93750,0.13764,17.00000,,,,
2023-02-18T07:10:12-06:00,1160,20500.00000,967966.62500,0.14011,17.00000,,,,
2023-02-18T07:12:20-06:00,1161,20750.00000,967449.93750,0.13835,17.00000,,,,
2023-02-18T07:14:28-06:00,1162,20033.33203,967933.31250,0.14337,17.00000,,,,
2023-02-18T07:16:35-06:00,1163,20033.33203,968549.93750,0.14346,17.00000,,,,
2023-02-18T07:18:43-06:00,1164,20433.33203,964183.31250,0.14002,17.00000,,,,
2023-02-18T07:20:51-06:00,1165,20333.33203,841266.62500,0.12277,17.00000,,,,
2023-02-18T07:22:58-06:00,1166,19966.66602,1030083.31250,0.15308,17.00000,,,,
2023-02-18T07:25:06-06:00,1167,19800.00000,936341.62500,0.14032,17.00000,,,,
2023-02-18T07:27:14-06:00,1168,19950.00000,947366.62500,0.14091,17.00000,,,,
2023-02-18T07:29:22-06:00,1169,20483.33203,968999.93750,0.14037,17.00000,,,,
2023-02-18T07:31:29-06:00,1170,20383.33203,962599.93750,0.14013,17.00000,,,,
2023-02-18T07:33:37-06:00,1171,20033.33203,968816.62500,0.14350,17.00000,,,,
2023-02-18T07:35:45-06:00,1172,19550.00000,963766.62500,0.14628,17.00000,,,,
2023-02-18T07:37:53-06:00,1173,20766.66602,965366.62500,0.13794,17.00000,,,,
2023-02-18T07:40:00-06:00,1174,20750.00000,1830399.87500,0.26175,17.00000,,,,
2023-02-18T07:42:08-06:00,1175,20016.66602,960999.93750,0.14246,17.00000,,,,
2023-02-18T07:44:16-06:00,1176,20800.00000,962566.62500,0.13732,17.00000,,,,
2023-02-18T07:46:24-06:00,1177,20550.00000,962599.93750,0.13899,17.00000,,,,
2023-02-18T07:48:31-06:00,1178,20783.33203,970633.31250,0.13858,17.00000,,,,
2023-02-18T07:50:39-06:00,1179,19983.33203,960433.31250,0.14261,17.00000,,,,
2023-02-18T07:52:47-06:00,1180,20550.00000,962333.31250,0.13895,17.00000,,,,
2023-02-18T07:54:55-06:00,1181,20000.00000,960816.62500,0.14255,17.00000,,,,
2023-02-18T07:57:02-06:00,1182,20816.66602,964483.31250,0.13748,17.00000,,,,
2023-02-18T07:59:10-06:00,1183,20050.00000,926741.62500,0.13715,17.00000,,,,
2023-02-18T08:01:18-06:00,1184,20033.33203,962933.31250,0.14263,17.00000,,,,
2023-02-18T08:03:25-06:00,1185,20583.33203,960833.31250,0.13851,17.00000,,,,
2023-02-18T08:05:33-06:00,1186,20250.00000,959099.93750,0.14054,17.00000,,,,
2023-02-18T08:07:41-06:00,1187,21966.66602,963033.31250,0.13009,17.00000,,,,
2023-02-18T08:09:49-06:00,1188,20800.00000,960216.62500,0.13698,17.00000,,,,
2023-02-18T08:11:56-06:00,1189,20783.33203,964799.93750,0.13775,17.00000,,,,
2023-02-18T08:14:04-06:00,1190,21083.33203,961849.93750,0.13537,17.00000,,,,
2023-02-18T08:16:12-06:00,1191,20816.66602,960749.93750,0.13695,17.00000,,,,
2023-02-18T08:18:20-06:00,1192,20833.33203,958666.62500,0.13654,17.00000,,,,
2023-02-18T08:20:27-06:00,1193,20283.33203,960366.62500,0.14049,17.00000,,,,
2023-02-18T08:22:35-06:00,1194,20650.00000,947449.93750,0.13614,17.00000,,,,
2023-02-18T08:24:43-06:00,1195,20783.33203,960799.93750,0.13717,17.00000,,,,
2023-02-18T08:26:51-06:00,1196,20050.00000,955766.62500,0.14145,17.00000,,,,
2023-02-18T08:28:58-06:00,1197,20000.00000,961266.62500,0.14262,17.00000,,,,
2023-02-18T08:31:06-06:00,1198,20783.33203,964883.31250,0.13776,17.00000,,,,
2023-02-18T08:33:14-06:00,1199,20383.33203,958449.93750,0.13952,17.00000,,,,
2023-02-18T08:35:22-06:00,1200,20233.33203,959333.31250,0.14069,17.00000,,,,
2023-02-18T08:37:29-06:00,1201,20716.66602,959499.93750,0.13743,17.00000,,,,
2023-02-18T08:39:37-06:00,1202,22816.66602,958949.93750,0.12471,17.00000,,,,
2023-02-18T08:41:45-06:00,1203,20083.33203,962683.31250,0.14223,17.00000,,,,
2023-02-18T08:43:53-06:00,1204,20583.33203,1010433.31250,0.14566,17.00000,,,,
2023-02-18T08:46:00-06:00,1205,20283.33203,961849.93750,0.14071,17.00000,,,,
2023-02-18T08:48:08-06:00,1206,20066.66602,960583.31250,0.14204,17.00000,,,,
2023-02-18T08:50:16-06:00,1207,20583.33203,1011216.62500,0.14578,17.00000,,,,
2023-02-18T08:52:24-06:00,1208,20833.33203,959616.62500,0.13668,17.00000,,,,
2023-02-18T08:54:31-06:00,1209,20816.66602,959649.93750,0.13679,17.00000,,,,
2023-02-18T08:56:39-06:00,1210,21016.66602,959216.62500,0.13543,17.00000,,,,
2023-02-18T08:58:47-06:00,1211,20833.33203,1009999.93750,0.14385,17.00000,,,,
2023-02-18T09:00:55-06:00,1212,20800.00000,872849.93750,0.12452,17.00000,,,,
2023-02-18T09:03:02-06:00,1213,20633.33203,957933.31250,0.13776,17.00000,,,,
2023-02-18T09:05:10-06:00,1214,20216.66602,957699.93750,0.14056,17.00000,,,,
2023-02-18T09:07:18-06:00,1215,20600.00000,959249.93750,0.13817,17.00000,,,,
2023-02-18T09:09:26-06:00,1216,20083.33203,957566.62500,0.14148,17.00000,,,,
2023-02-18T09:11:33-06:00,1217,20800.00000,955641.62500,0.13633,17.00000,,,,
2023-02-18T09:13:41-06:00,1218,20566.66602,954866.62500,0.13776,17.00000,,,,
2023-02-18T09:15:49-06:00,1219,20800.00000,959699.93750,0.13691,17.00000,,,,
2023-02-18T09:17:57-06:00,1220,21066.66602,960616.62500,0.13530,17.00000,,,,
2023-02-18T09:20:04-06:00,1221,20666.66602,959083.31250,0.13770,17.00000,,,,
2023-02-18T09:22:12-06:00,1222,20816.66602,955416.62500,0.13619,17.00000,,,,
2023-02-18T09:24:20-06:00,1223,19733.33203,951116.62500,0.14302,17.25000,,,,
2023-02-18T09:26:28-06:00,1224,20116.66602,955849.93750,0.14099,17.25000,,,,
2023-02-18T09:28:35-06:00,1225,20066.66602,1009383.31250,0.14926,17.25000,,,,
2023-02-18T09:30:43-06:00,1226,20666.66602,951066.62500,0.13655,17.00000,,,,
2023-02-18T09:32:51-06:00,1227,20400.00000,951649.93750,0.13842,17.00000,,,,
2023-02-18T09:34:59-06:00,1228,20800.00000,954083.31250,0.13611,17.00000,,,,
2023-02-18T09:37:06-06:00,1229,21050.00000,952716.62500,0.13430,17.25000,,,,
2023-02-18T09:39:14-06:00,1230,20433.33203,1009883.31250,0.14665,17.00000,,,,
2023-02-18T09:41:22-06:00,1231,20833.33203,952116.62500,0.13561,17.00000,,,,
2023-02-18T09:43:30-06:00,1232,20816.66602,951416.62500,0.13562,17.00000,,,,
2023-02-18T09:45:37-06:00,1233,20833.33203,958049.93750,0.13645,17.00000,,,,
2023-02-18T09:47:45-06:00,1234,20816.66602,925308.31250,0.13190,17.00000,,,,
2023-02-18T09:49:53-06:00,1235,20833.33203,957333.31250,0.13635,17.00000,,,,
2023-02-18T09:52:01-06:00,1236,20083.33203,954799.93750,0.14107,17.00000,,,,
2023-02-18T09:54:08-06:00,1237,20100.00000,957783.31250,0.14139,17.00000,,,,
2023-02-18T09:56:16-06:00,1238,20833.33203,950933.31250,0.13544,17.00000,,,,
2023-02-18T09:58:24-06:00,1239,20016.66602,953999.93750,0.14142,17.25000,,,,
2023-02-18T10:00:32-06:00,1240,20083.33203,959516.62500,0.14177,17.25000,,,,
2023-02-18T10:02:39-06:00,1241,20066.66602,1009549.93750,0.14928,17.25000,,,,
2023-02-18T10:04:47-06:00,1242,20616.66602,950999.93750,0.13687,17.00000,,,,
2023-02-18T10:06:55-06:00,1243,20600.00000,950133.31250,0.13686,17.25000,,,,
2023-02-18T10:09:02-06:00,1244,20583.33203,950316.62500,0.13700,17.00000,,,,
2023-02-18T10:11:10-06:00,1245,20600.00000,950566.62500,0.13692,17.00000,,,,
2023-02-18T10:13:18-06:00,1246,20733.33203,950033.31250,0.13596,17.25000,,,,
2023-02-18T10:15:26-06:00,1247,20850.00000,951566.62500,0.13542,17.00000,,,,
2023-02-18T10:17:33-06:00,1248,20316.66602,948783.31250,0.13857,17.25000,,,,
2023-02-18T10:19:41-06:00,1249,20866.66602,922908.31250,0.13124,17.25000,,,,
